(주)에스오에스,특수구급차,70가5059,1566-0129,서울,강동구
(주)에스오에스,특수구급차,71누9477,1566-0129,서울,강동구
(주)에스오에스,특수구급차,72라7284,1566-0129,서울,강동구
(주)에스오에스,특수구급차,725구5424,1566-0129,서울,강동구
(주)에스오에스,특수구급차,73러9449,1566-0129,서울,강동구
(주)에스오에스,일반구급차,77라7534,1566-0129,서울,강동구
(주)한성응급환자이송단,일반구급차,705우2118,02-442-0129,서울,강동구
(주)한성응급환자이송단,특수구급차,707가8861,02-442-0129,서울,강동구
(주)한성응급환자이송단,특수구급차,707가8886,02-442-0129,서울,강동구
(주)한성응급환자이송단,특수구급차,708저7455,02-442-0129,서울,강동구
(주)한성응급환자이송단,일반구급차,70부5373,02-442-0129,서울,강동구
(주)한성응급환자이송단,특수구급차,711마9418,02-442-0129,서울,강동구
(주)한성응급환자이송단,일반구급차,71보6432,02-442-0129,서울,강동구
(주)한성응급환자이송단,특수구급차,74거8730,02-442-0129,서울,강동구
(주)한성응급환자이송단,특수구급차,75루9482,02-442-0129,서울,강동구
(주)한성응급환자이송단,일반구급차,705우2192,02-442-0129,서울,강동구
(주)한성응급환자이송단,특수구급차,78루4686,02-442-0129,서울,강동구
㈜제일응급환자이송단,특수구급차,711마9415,02-426-1339,서울,강동구
㈜제일응급환자이송단,특수구급차,707가8863,02-426-1339,서울,강동구
㈜제일응급환자이송단,특수구급차,71서1477,02-426-1339,서울,강동구
㈜제일응급환자이송단,특수구급차,725나7812,02-426-1339,서울,강동구
㈜제일응급환자이송단,일반구급차,701가1253,02-426-1339,서울,강동구
㈜제일응급환자이송단,특수구급차,74무6210,02-426-1339,서울,강동구
㈜제일응급환자이송단,특수구급차,74무9666,02-426-1339,서울,강동구
㈜제일응급환자이송단,특수구급차,74오8030,02-426-1339,서울,강동구
㈜제일응급환자이송단,일반구급차,75루9341,02-426-1339,서울,강동구
㈜제일응급환자이송단,일반구급차,75루9362,02-426-1339,서울,강동구
㈜제일응급환자이송단,특수구급차,76보7817,02-426-1339,서울,강동구
㈜제일응급환자이송단,일반구급차,78구3587,02-426-1339,서울,강동구
㈜제일응급환자이송단,특수구급차,78무4760,02-426-1339,서울,강동구
㈜제일응급환자이송단,일반구급차,78소2357,02-426-1339,서울,강동구
㈜제일응급환자이송단,특수구급차,79두6663,02-426-1339,서울,강동구
㈜제일응급환자이송단,특수구급차,79루9266,02-426-1339,서울,강동구
㈜제일응급환자이송단,특수구급차,707가8870,02-426-1339,서울,강동구
(주)서울911이송센터,특수구급차,700부6985,1588-4129,서울,강서구
(주)서울911이송센터,특수구급차,708도3112,1588-4129,서울,강서구
(주)서울911이송센터,일반구급차,708도3186,1588-4129,서울,강서구
(주)서울911이송센터,특수구급차,712더1490,1588-4129,서울,강서구
(주)서울911이송센터,특수구급차,71나9870,1588-4129,서울,강서구
(주)서울911이송센터,특수구급차,71저9176,1588-4129,서울,강서구
(주)서울911이송센터,특수구급차,723마7629,1588-4129,서울,강서구
(주)서울911이송센터,일반구급차,72부9634,1588-4129,서울,강서구
(주)서울911이송센터,특수구급차,74수2690,1588-4129,서울,강서구
(주)서울911이송센터,일반구급차,77오4647,1588-4129,서울,강서구
이엠에스솔유한회사,특수구급차,712저7949,02-2663-8119,서울,강서구
이엠에스솔유한회사,특수구급차,701모8704,02-2663-8119,서울,강서구
이엠에스솔유한회사,특수구급차,704조8703,02-2663-8119,서울,강서구
이엠에스솔유한회사,특수구급차,714소6369,02-2663-8119,서울,강서구
이엠에스솔유한회사,특수구급차,720우8775,02-2663-8119,서울,강서구
이엠에스솔유한회사,특수구급차,730우1755,02-2663-8119,서울,강서구
이엠에스솔유한회사,특수구급차,73조9350,02-2663-8119,서울,강서구
이엠에스솔유한회사,특수구급차,75누7285,02-2663-8119,서울,강서구
이엠에스솔유한회사,특수구급차,79노7865,02-2663-8119,서울,강서구
(주)에이원이송센터,특수구급차,700러3646,1666-4129,서울,구로구
(주)에이원이송센터,특수구급차,71머9115,1666-4129,서울,구로구
(주)에이원이송센터,특수구급차,71버0867,1666-4129,서울,구로구
(주)에이원이송센터,특수구급차,72우1816,1666-4129,서울,구로구
(주)에이원이송센터,특수구급차,720구1912,1666-4129,서울,구로구
(주)전국응급환자이송센터,특수구급차,704나2117,02-809-0129,서울,금천구
(주)전국응급환자이송센터,특수구급차,705너7304,02-809-0129,서울,금천구
(주)전국응급환자이송센터,특수구급차,705너7305,02-809-0129,서울,금천구
(주)전국응급환자이송센터,일반구급차,707거5240,02-809-0129,서울,금천구
(주)전국응급환자이송센터,특수구급차,720주9127,02-809-0129,서울,금천구
(주)전국응급환자이송센터,특수구급차,732나1800,02-809-0129,서울,금천구
(주)전국응급환자이송센터,특수구급차,732나1815,02-809-0129,서울,금천구
(주)전국응급환자이송센터,특수구급차,73너9704,02-809-0129,서울,금천구
(주)전국응급환자이송센터,일반구급차,73너9877,02-809-0129,서울,금천구
(주)전국응급환자이송센터,특수구급차,73우0949,02-809-0129,서울,금천구
(주)전국응급환자이송센터,특수구급차,75마5849,02-809-0129,서울,금천구
(주)전국응급환자이송센터,특수구급차,78구3948,02-809-0129,서울,금천구
㈜선응급환자이송,특수구급차,713가3737,02-853-4455,서울,금천구
㈜선응급환자이송,일반구급차,713가3755,02-853-4455,서울,금천구
㈜선응급환자이송,특수구급차,712라2718,02-853-4455,서울,금천구
㈜선응급환자이송,일반구급차,713가3775,02-853-4455,서울,금천구
㈜선응급환자이송,특수구급차,713가3779,02-853-4455,서울,금천구
㈜선응급환자이송,특수구급차,717마4065,02-853-4455,서울,금천구
㈜선응급환자이송,특수구급차,717마4080,02-853-4455,서울,금천구
㈜선응급환자이송,일반구급차,724거8767,02-853-4455,서울,금천구
㈜선응급환자이송,특수구급차,729가9457,02-853-4455,서울,금천구
㈜선응급환자이송,일반구급차,72루7268,02-853-4455,서울,금천구
(주)서울129구급대,특수구급차,702오4801,02-971-0129,서울,노원구
(주)서울129구급대,일반구급차,704루4129,02-971-0129,서울,노원구
(주)서울129구급대,특수구급차,704루4190,02-971-0129,서울,노원구
(주)서울129구급대,일반구급차,70두7765,02-971-0129,서울,노원구
(주)서울129구급대,일반구급차,704루4194,02-971-0129,서울,노원구
(주)서울129구급대,특수구급차,71우8088,02-971-0129,서울,노원구
(주)서울129구급대,특수구급차,735머1029,02-971-0129,서울,노원구
(주)서울129구급대,특수구급차,735머1066,02-971-0129,서울,노원구
(주)서울129구급대,일반구급차,730우1774,02-971-0129,서울,노원구
(주)서울129구급대,일반구급차,77라3575,02-971-0129,서울,노원구
(주)서울129구급대,일반구급차,77라6311,02-971-0129,서울,노원구
(주)서울129구급대,일반구급차,78구3876,02-971-0129,서울,노원구
(주)서울129구급대,일반구급차,78마9748,02-971-0129,서울,노원구
(주)서울129구급대,일반구급차,78무4646,02-971-0129,서울,노원구
(주)서울129구급대,일반구급차,77라3833,02-971-0129,서울,노원구
(주)9119구급센타,일반구급차,717마4093,02-926-9119,서울,도봉구
(주)9119구급센타,특수구급차,723마7667,02-926-9119,서울,도봉구
(주)9119구급센타,특수구급차,730우1771,02-926-9119,서울,도봉구
(주)9119구급센타,특수구급차,732무8331,02-926-9119,서울,도봉구
(주)9119구급센타,특수구급차,74노9134,02-926-9119,서울,도봉구
(주)9119구급센타,특수구급차,79다6768,02-926-9119,서울,도봉구
(주)9119구급센타,특수구급차,79다6787,02-926-9119,서울,도봉구
주식회사더한빛메디컬,특수구급차,71누9313,1811-0129,서울,동대문구
주식회사더한빛메디컬,일반구급차,721너8766,1811-0129,서울,동대문구
주식회사더한빛메디컬,특수구급차,725루4631,1811-0129,서울,동대문구
주식회사더한빛메디컬,특수구급차,704주8044,1811-0129,서울,동대문구
주식회사더한빛메디컬,특수구급차,735우5804,1811-0129,서울,동대문구
주식회사더한빛메디컬,특수구급차,73거7869,1811-0129,서울,동대문구
주식회사더한빛메디컬,특수구급차,73거7884,1811-0129,서울,동대문구
주식회사더한빛메디컬,일반구급차,78구3708,1811-0129,서울,동대문구
주식회사더한빛메디컬,특수구급차,78도9861,1811-0129,서울,동대문구
쿱3119응급환자이송협동조합,특수구급차,70더8366,02-481-0119,서울,동대문구
쿱3119응급환자이송협동조합,일반구급차,70서9956,02-481-0119,서울,동대문구
쿱3119응급환자이송협동조합,일반구급차,71무3741,02-481-0119,서울,동대문구
쿱3119응급환자이송협동조합,일반구급차,721어9404,02-481-0119,서울,동대문구
쿱3119응급환자이송협동조합,특수구급차,72가3875,02-481-0119,서울,동대문구
쿱3119응급환자이송협동조합,일반구급차,730우1787,02-481-0119,서울,동대문구
쿱3119응급환자이송협동조합,일반구급차,724도6500,02-481-0119,서울,동대문구
쿱3119응급환자이송협동조합,특수구급차,725루4602,02-481-0119,서울,동대문구
쿱3119응급환자이송협동조합,특수구급차,78우6879,02-481-0119,서울,동대문구
쿱3119응급환자이송협동조합,특수구급차,79도2432,02-481-0119,서울,동대문구
(주)대한구조단,일반구급차,71러1760,1588-0129,서울,동작구
(주)대한구조단,특수구급차,73너9864,1588-0129,서울,동작구
(주)대한구조단,특수구급차,73너9717,1588-0129,서울,동작구
(주)대한구조단,특수구급차,73너9944,1588-0129,서울,동작구
(주)대한구조단,특수구급차,73너9964,1588-0129,서울,동작구
(주)대한구조단,특수구급차,73너9997,1588-0129,서울,동작구
(주)이엠에스응급환자이송센터,특수구급차,704어6703,02-313-1339,서울,마포구
(주)이엠에스응급환자이송센터,특수구급차,704어6714,02-313-1339,서울,마포구
(주)이엠에스응급환자이송센터,특수구급차,704어6719,02-313-1339,서울,마포구
(주)이엠에스응급환자이송센터,특수구급차,712더1425,02-313-1339,서울,마포구
(주)이엠에스응급환자이송센터,특수구급차,712더1452,02-313-1339,서울,마포구
(주)이엠에스응급환자이송센터,특수구급차,721다7856,02-313-1339,서울,마포구
(주)이엠에스응급환자이송센터,일반구급차,72루7265,02-313-1339,서울,마포구
(주)이엠에스응급환자이송센터,일반구급차,72루7285,02-313-1339,서울,마포구
(주)이엠에스응급환자이송센터,특수구급차,730누4242,02-313-1339,서울,마포구
(주)이엠에스응급환자이송센터,특수구급차,724러8522,02-313-1339,서울,마포구
(주)이엠에스응급환자이송센터,일반구급차,700어6461,02-313-1339,서울,마포구
(주)명성구급센터,특수구급차,705오9262,02-1544-7844,서울,서대문구
(주)명성구급센터,특수구급차,71두8084,02-1544-7844,서울,서대문구
(주)명성구급센터,특수구급차,730우1781,02-1544-7844,서울,서대문구
(주)명성구급센터,특수구급차,714서7049,02-1544-7844,서울,서대문구
(주)명성구급센터,일반구급차,76무9455,02-1544-7844,서울,서대문구
(주)명성구급센터,특수구급차,78구3732,02-1544-7844,서울,서대문구
(주)명성구급센터,일반구급차,78구3807,02-1544-7844,서울,서대문구
㈜24시응급환자이송단,특수구급차,715가8145,02-304-0129,서울,서대문구
㈜24시응급환자이송단,일반구급차,715가8146,02-304-0129,서울,서대문구
㈜24시응급환자이송단,특수구급차,71두8006,02-304-0129,서울,서대문구
㈜24시응급환자이송단,특수구급차,71두8007,02-304-0129,서울,서대문구
㈜24시응급환자이송단,특수구급차,71두8046,02-304-0129,서울,서대문구
㈜24시응급환자이송단,특수구급차,71두8071,02-304-0129,서울,서대문구
㈜24시응급환자이송단,일반구급차,72가3016,02-304-0129,서울,서대문구
㈜24시응급환자이송단,특수구급차,72가3076,02-304-0129,서울,서대문구
㈜24시응급환자이송단,일반구급차,72부0881,02-304-0129,서울,서대문구
㈜24시응급환자이송단,일반구급차,730누4233,02-304-0129,서울,서대문구
㈜24시응급환자이송단,특수구급차,76노0661,02-304-0129,서울,서대문구
㈜이엠에스코리아,일반구급차,71거7888,02-420-2114,서울,서대문구
㈜이엠에스코리아,일반구급차,71거7939,02-420-2114,서울,서대문구
㈜이엠에스코리아,특수구급차,71구8899,02-420-2114,서울,서대문구
㈜이엠에스코리아,특수구급차,729가9419,02-420-2114,서울,서대문구
㈜이엠에스코리아,특수구급차,73거6749,02-420-2114,서울,서대문구
㈜이엠에스코리아,특수구급차,77구4244,02-420-2114,서울,서대문구
㈜이엠에스코리아,특수구급차,78구4439,02-420-2114,서울,서대문구
㈜이엠에스코리아,일반구급차,79두6689,02-420-2114,서울,서대문구
㈜엠티케어,특수구급차,705다6645,02-595-1339,서울,서초구
㈜엠티케어,특수구급차,70두7841,02-595-1339,서울,서초구
㈜엠티케어,특수구급차,70로8767,02-595-1339,서울,서초구
㈜엠티케어,특수구급차,713조5704,02-595-1339,서울,서초구
㈜엠티케어,특수구급차,713조5754,02-595-1339,서울,서초구
㈜엠티케어,특수구급차,713조5774,02-595-1339,서울,서초구
㈜엠티케어,특수구급차,723가5616,02-595-1339,서울,서초구
㈜엠티케어,일반구급차,72가3748,02-595-1339,서울,서초구
㈜엠티케어,일반구급차,75저7842,02-595-1339,서울,서초구
㈜엠티케어,특수구급차,76보7713,02-595-1339,서울,서초구
㈜엠티케어,일반구급차,78구3748,02-595-1339,서울,서초구
(주)129응급구조단,특수구급차,703수3300,02-456-1339,서울,성동구
(주)129응급구조단,일반구급차,714러4538,02-456-1339,서울,성동구
(주)129응급구조단,특수구급차,714러4548,02-456-1339,서울,성동구
(주)129응급구조단,일반구급차,71도5748,02-456-1339,서울,성동구
(주)129응급구조단,특수구급차,71로4012,02-456-1339,서울,성동구
(주)129응급구조단,특수구급차,721무4868,02-456-1339,서울,성동구
(주)129응급구조단,특수구급차,72거4048,02-456-1339,서울,성동구
(주)129응급구조단,일반구급차,71로6821,02-456-1339,서울,성동구
(주)129응급구조단,일반구급차,73너9989,02-456-1339,서울,성동구
(주)코리아환자이송센타,특수구급차,705가2797,02-402-8129,서울,송파구
(주)코리아환자이송센타,특수구급차,705오9202,02-402-8129,서울,송파구
(주)코리아환자이송센타,특수구급차,729우1140,02-402-8129,서울,송파구
(주)코리아환자이송센타,특수구급차,719가2271,02-402-8129,서울,송파구
(주)코리아환자이송센타,특수구급차,71주8430,02-402-8129,서울,송파구
(주)코리아환자이송센타,일반구급차,727소8282,02-402-8129,서울,송파구
(주)코리아환자이송센타,특수구급차,72가3742,02-402-8129,서울,송파구
(주)코리아환자이송센타,특수구급차,72가3843,02-402-8129,서울,송파구
(주)코리아환자이송센타,특수구급차,730우1716,02-402-8129,서울,송파구
(주)코리아환자이송센타,일반구급차,73고0550,02-402-8129,서울,송파구
㈜중앙응급환자이송단,특수구급차,711로1310,02-413-5129,서울,송파구
㈜중앙응급환자이송단,특수구급차,717마4098,02-413-5129,서울,송파구
㈜중앙응급환자이송단,특수구급차,72가3618,02-413-5129,서울,송파구
㈜중앙응급환자이송단,특수구급차,72가3726,02-413-5129,서울,송파구
㈜중앙응급환자이송단,특수구급차,72가3736,02-413-5129,서울,송파구
㈜중앙응급환자이송단,특수구급차,700누2081,02-413-5129,서울,송파구
㈜중앙응급환자이송단,특수구급차,73조9304,02-413-5129,서울,송파구
㈜중앙응급환자이송단,일반구급차,76노0624,02-413-5129,서울,송파구
㈜중앙응급환자이송단,일반구급차,77라5954,02-413-5129,서울,송파구
㈜중앙응급환자이송단,특수구급차,77오4779,02-413-5129,서울,송파구
(주)성심환자이송단,특수구급차,70두5947,02-2691-1339,서울,양천구
(주)성심환자이송단,특수구급차,72라6925,02-2691-1339,서울,양천구
(주)성심환자이송단,일반구급차,72가3880,02-2691-1339,서울,양천구
(주)성심환자이송단,특수구급차,72라6866,02-2691-1339,서울,양천구
(주)성심환자이송단,일반구급차,73수5823,02-2691-1339,서울,양천구
(주)성심환자이송단,일반구급차,74무5258,02-2691-1339,서울,양천구
(주)성심환자이송단,특수구급차,75부9976,02-2691-1339,서울,양천구
(주)성심환자이송단,특수구급차,720주9191,02-2691-1339,서울,양천구
(주)성심환자이송단,일반구급차,77오4593,02-2691-1339,서울,양천구
(주)성심환자이송단,일반구급차,74무5275,02-2691-1339,서울,양천구
129이엠에스주식회사,특수구급차,702노7655,1522-8482,서울,양천구
129이엠에스주식회사,특수구급차,714서7029,1522-8482,서울,양천구
129이엠에스주식회사,특수구급차,714서7032,1522-8482,서울,양천구
129이엠에스주식회사,특수구급차,714서7024,1522-8482,서울,양천구
129이엠에스주식회사,특수구급차,736무8816,1522-8482,서울,양천구
129이엠에스주식회사,특수구급차,736무8876,1522-8482,서울,양천구
(주)클로버이엠에스,특수구급차,700부6957,02-6405-0129,서울,영등포구
(주)클로버이엠에스,특수구급차,700부6958,02-6405-0129,서울,영등포구
(주)클로버이엠에스,특수구급차,700부6959,02-6405-0129,서울,영등포구
(주)클로버이엠에스,특수구급차,717마4049,02-6405-0129,서울,영등포구
(주)클로버이엠에스,특수구급차,717마4094,02-6405-0129,서울,영등포구
(주)클로버이엠에스,특수구급차,720우8707,02-6405-0129,서울,영등포구
(주)클로버이엠에스,특수구급차,73너9934,02-6405-0129,서울,영등포구
(주)클로버이엠에스,일반구급차,77라7742,02-6405-0129,서울,영등포구
주식회사대한911구조대,특수구급차,700부6995,02-832-0911,서울,영등포구
주식회사대한911구조대,특수구급차,701모8711,02-832-0911,서울,영등포구
주식회사대한911구조대,특수구급차,702주9428,02-832-0911,서울,영등포구
주식회사대한911구조대,일반구급차,712나1307,02-832-0911,서울,영등포구
주식회사대한911구조대,특수구급차,714소6355,02-832-0911,서울,영등포구
주식회사대한911구조대,특수구급차,71도5728,02-832-0911,서울,영등포구
주식회사대한911구조대,특수구급차,72우1918,02-832-0911,서울,영등포구
주식회사대한911구조대,일반구급차,78구3666,02-832-0911,서울,영등포구
(주)EMS명품,특수구급차,704오7377,1688-5681,서울,중랑구
(주)EMS명품,특수구급차,706노8828,1688-5681,서울,중랑구
(주)EMS명품,특수구급차,706노8848,1688-5681,서울,중랑구
(주)EMS명품,특수구급차,717마4044,1688-5681,서울,중랑구
(주)EMS명품,일반구급차,71도5516,1688-5681,서울,중랑구
(주)EMS명품,특수구급차,726마7401,1688-5681,서울,중랑구
(주)EMS명품,특수구급차,726마7408,1688-5681,서울,중랑구
(주)EMS명품,특수구급차,727버8303,1688-5681,서울,중랑구
(주)EMS명품,일반구급차,76무7783,1688-5681,서울,중랑구
(주)세이프인메디컬,특수구급차,700소3994,1833-9129,서울,중랑구
(주)세이프인메디컬,특수구급차,706노8844,1833-9129,서울,중랑구
(주)세이프인메디컬,특수구급차,706노8854,1833-9129,서울,중랑구
(주)세이프인메디컬,특수구급차,706노8864,1833-9129,서울,중랑구
(주)세이프인메디컬,특수구급차,706노8814,1833-9129,서울,중랑구
(주)세이프인메디컬,일반구급차,726마7423,1833-9129,서울,중랑구
㈜한국응급구조대,특수구급차,700더7163,02-948-9494,서울,중랑구
㈜한국응급구조대,특수구급차,706노8821,02-948-9494,서울,중랑구
㈜한국응급구조대,일반구급차,71두3156,02-948-9494,서울,중랑구
㈜한국응급구조대,일반구급차,71두7347,02-948-9494,서울,중랑구
㈜한국응급구조대,일반구급차,700더7112,02-948-9494,서울,중랑구
㈜한국응급구조대,특수구급차,700소3916,02-948-9494,서울,중랑구
㈜한국응급구조대,특수구급차,75루9317,02-948-9494,서울,중랑구
㈜한국응급구조대,특수구급차,78구3871,02-948-9494,서울,중랑구
㈜한국응급구조대,특수구급차,78머7658,02-948-9494,서울,중랑구
(주)부산응급환자이송단,특수구급차,700보2776,051-636-1199,부산,남구
(주)부산응급환자이송단,특수구급차,702모9098,051-636-1199,부산,남구
(주)부산응급환자이송단,특수구급차,70더5128,051-636-1199,부산,남구
(주)부산응급환자이송단,특수구급차,73버4048,051-636-1199,부산,남구
(주)부산응급환자이송단,특수구급차,75나9924,051-636-1199,부산,남구
(주)부산응급환자이송단,특수구급차,75저7565,051-636-1199,부산,남구
(주)부산응급환자이송단,특수구급차,75저7932,051-636-1199,부산,남구
(주)부산응급환자이송단,일반구급차,721저8744,051-636-1199,부산,남구
(주)비원이엠에쓰,특수구급차,700노6822,051-636-1339,부산,남구
(주)비원이엠에쓰,특수구급차,700보2711,051-636-1339,부산,남구
(주)비원이엠에쓰,특수구급차,713루5903,051-636-1339,부산,남구
(주)비원이엠에쓰,특수구급차,71도5989,051-636-1339,부산,남구
(주)비원이엠에쓰,특수구급차,74서3916,051-636-1339,부산,남구
(주)비원이엠에쓰,특수구급차,79도2443,051-636-1339,부산,남구
(주)사마리안129구급대,특수구급차,700노6894,051-804-0129,부산,남구
(주)사마리안129구급대,특수구급차,700다6074,051-804-0129,부산,남구
(주)사마리안129구급대,특수구급차,702고7086,051-804-0129,부산,남구
(주)사마리안129구급대,특수구급차,707너5710,051-804-0129,부산,남구
(주)사마리안129구급대,특수구급차,711어6112,051-804-0129,부산,남구
(주)사마리안129구급대,특수구급차,715거2101,051-804-0129,부산,남구
(주)사마리안129구급대,특수구급차,715거2125,051-804-0129,부산,남구
(주)사마리안129구급대,특수구급차,715거2126,051-804-0129,부산,남구
(주)사마리안129구급대,특수구급차,715모6946,051-804-0129,부산,남구
(주)사마리안129구급대,특수구급차,71도5939,051-804-0129,부산,남구
(주)사마리안129구급대,일반구급차,72머3124,051-804-0129,부산,남구
(주)사마리안129구급대,일반구급차,72버2463,051-804-0129,부산,남구
(주)사마리안129구급대,특수구급차,73러4374,051-804-0129,부산,남구
(주)사마리안129구급대,일반구급차,74다2968,051-804-0129,부산,남구
(주)사마리안129구급대,일반구급차,75저7608,051-804-0129,부산,남구
(주)사마리안129구급대,일반구급차,75저7770,051-804-0129,부산,남구
(주)중앙구일일,특수구급차,700보2709,051-246-0911,부산,서구
(주)중앙구일일,특수구급차,707너3865,051-246-0911,부산,서구
(주)중앙구일일,특수구급차,707너5418,051-246-0911,부산,서구
(주)중앙구일일,특수구급차,721어9488,051-246-0911,부산,서구
(주)중앙구일일,특수구급차,739러5100,051-246-0911,부산,서구
(주)중앙구일일,특수구급차,739러5106,051-246-0911,부산,서구
(주)중앙구일일,특수구급차,739러5115,051-246-0911,부산,서구
(주)중앙구일일,특수구급차,739러5152,051-246-0911,부산,서구
(주)부산코스비,특수구급차,700다6060,051-553-6119,부산,중구
(주)부산코스비,특수구급차,702고7044,051-553-6119,부산,중구
(주)부산코스비,특수구급차,70누0244,051-553-6119,부산,중구
(주)부산코스비,일반구급차,715모6911,051-553-6119,부산,중구
(주)부산코스비,특수구급차,715모6978,051-553-6119,부산,중구
(주)부산코스비,일반구급차,715소1462,051-553-6119,부산,중구
(주)부산코스비,일반구급차,715소1463,051-553-6119,부산,중구
(주)부산코스비,특수구급차,715소1466,051-553-6119,부산,중구
(주)부산코스비,일반구급차,71노5907,051-553-6119,부산,중구
(주)부산코스비,일반구급차,71노5968,051-553-6119,부산,중구
(주)부산코스비,특수구급차,71러3660,051-553-6119,부산,중구
(주)부산코스비,특수구급차,71루2982,051-553-6119,부산,중구
(주)부산코스비,일반구급차,71서8729,051-553-6119,부산,중구
(주)부산코스비,특수구급차,721무4812,051-553-6119,부산,중구
(주)부산코스비,특수구급차,72누1339,051-553-6119,부산,중구
(주)부산코스비,일반구급차,72오3664,051-553-6119,부산,중구
(주)부산코스비,특수구급차,730구8596,051-553-6119,부산,중구
(주)부산코스비,일반구급차,737머1258,051-553-6119,부산,중구
(주)부산코스비,일반구급차,77오4909,051-553-6119,부산,중구
(주)부산코스비,일반구급차,76마9728,051-553-6119,부산,중구
(주)부산코스비,일반구급차,78무3919,051-553-6119,부산,중구
(주)부산코스비,특수구급차,79도2129,051-553-6119,부산,중구
(주)골든타임응급환자이송센터,특수구급차,709무4441,053-426-1190,대구,남구
(주)골든타임응급환자이송센터,일반구급차,70머7295,053-426-1190,대구,남구
(주)골든타임응급환자이송센터,특수구급차,713무3676,053-426-1190,대구,남구
(주)골든타임응급환자이송센터,특수구급차,71누9401,053-426-1190,대구,남구
(주)골든타임응급환자이송센터,특수구급차,721너8788,053-426-1190,대구,남구
(주)골든타임응급환자이송센터,특수구급차,72가3065,053-426-1190,대구,남구
(주)골든타임응급환자이송센터,일반구급차,72거8077,053-426-1190,대구,남구
(주)골든타임응급환자이송센터,일반구급차,72루6911,053-426-1190,대구,남구
(주)골든타임응급환자이송센터,특수구급차,735라2626,053-426-1190,대구,남구
(주)골든타임응급환자이송센터,특수구급차,735라2630,053-426-1190,대구,남구
(주)골든타임응급환자이송센터,특수구급차,73너9888,053-426-1190,대구,남구
(주)골든타임응급환자이송센터,일반구급차,78구4657,053-426-1190,대구,남구
(주)골든타임응급환자이송센터,일반구급차,78노9998,053-426-1190,대구,남구
(주)골든타임응급환자이송센터,특수구급차,78버7548,053-426-1190,대구,남구
(주)대구브이아이피응급환자이송센터,특수구급차,709주5099,053-621-0119,대구,남구
(주)대구브이아이피응급환자이송센터,특수구급차,711로3861,053-621-0119,대구,남구
(주)대구브이아이피응급환자이송센터,특수구급차,714러4206,053-621-0119,대구,남구
(주)대구브이아이피응급환자이송센터,특수구급차,717모8139,053-621-0119,대구,남구
(주)대구브이아이피응급환자이송센터,특수구급차,721라9590,053-621-0119,대구,남구
(주)대구브이아이피응급환자이송센터,특수구급차,728오6266,053-621-0119,대구,남구
(주)대구브이아이피응급환자이송센터,특수구급차,735우5859,053-621-0119,대구,남구
(주)대구브이아이피응급환자이송센터,특수구급차,78어2888,053-621-0119,대구,남구
(주)플러스응급이송센터,특수구급차,705다6644,053-219-9111,대구,달서구
(주)플러스응급이송센터,특수구급차,721너8791,053-219-9111,대구,달서구
(주)플러스응급이송센터,특수구급차,73소2016,053-219-9111,대구,달서구
(주)플러스응급이송센터,특수구급차,79도2642,053-219-9111,대구,달서구
(주)플러스응급이송센터,특수구급차,717마4001,053-219-9111,대구,달서구
(주)대구응급환자이송센터,특수구급차,716버4221,053-624-0129,대구,수성구
(주)대구응급환자이송센터,특수구급차,727수5132,053-624-0129,대구,수성구
(주)대구응급환자이송센터,특수구급차,72우2029,053-624-0129,대구,수성구
(주)대구응급환자이송센터,특수구급차,73가0738,053-624-0129,대구,수성구
(주)대구응급환자이송센터,특수구급차,75저5547,053-624-0129,대구,수성구
(주)코드블루,특수구급차,716버4212,053-651-5000,대구,수성구
(주)코드블루,특수구급차,716버4244,053-651-5000,대구,수성구
(주)코드블루,특수구급차,728오6244,053-651-5000,대구,수성구
(주)코드블루,특수구급차,76무9079,053-651-5000,대구,수성구
(주)코드블루,특수구급차,79더6833,053-651-5000,대구,수성구
(주)가톨릭응급,특수구급차,716버4299,053-423-9111,대구,중구
(주)가톨릭응급,특수구급차,72노0909,053-423-9111,대구,중구
(주)가톨릭응급,특수구급차,72조2824,053-423-9111,대구,중구
(주)가톨릭응급,특수구급차,76무9328,053-423-9111,대구,중구
(주)가톨릭응급,특수구급차,77보0437,053-423-9111,대구,중구
(주)메디칼응급환자이송단,특수구급차,711로3899,053-423-0119,대구,중구
(주)메디칼응급환자이송단,특수구급차,71누9445,053-423-0119,대구,중구
(주)메디칼응급환자이송단,특수구급차,724고9495,053-423-0119,대구,중구
(주)메디칼응급환자이송단,특수구급차,728오6222,053-423-0119,대구,중구
(주)메디칼응급환자이송단,특수구급차,77구4284,053-423-0119,대구,중구
(주)메디칼응급환자이송단,특수구급차,78노3290,053-423-0119,대구,중구
(주)메디칼응급환자이송단,특수구급차,78서1181,053-423-0119,대구,중구
(주)129응급환자이송단,특수구급차,727두7879,032-464-9111,인천,남동구
(주)129응급환자이송단,특수구급차,729우1108,032-464-9111,인천,남동구
(주)129응급환자이송단,특수구급차,729우1142,032-464-9111,인천,남동구
(주)129응급환자이송단,특수구급차,76무7713,032-464-9111,인천,남동구
(주)129응급환자이송단,특수구급차,76무7752,032-464-9111,인천,남동구
(주)129응급환자이송단,특수구급차,76보7972,032-464-9111,인천,남동구
(주)129응급환자이송단,특수구급차,77로0340,032-464-9111,인천,남동구
(주)129응급환자이송단,특수구급차,77로0345,032-464-9111,인천,남동구
(주)129응급환자이송단,특수구급차,732어2655,032-464-9111,인천,남동구
(주)911응급환자이송단,특수구급차,70머5421,032-584-7500,인천,서구
(주)911응급환자이송단,특수구급차,70머9611,032-584-7500,인천,서구
(주)911응급환자이송단,특수구급차,729우1136,032-584-7500,인천,서구
(주)911응급환자이송단,특수구급차,729우1143,032-584-7500,인천,서구
(주)911응급환자이송단,특수구급차,73소2043,032-584-7500,인천,서구
(주)911응급환자이송단,특수구급차,75누7273,032-584-7500,인천,서구
(주)911응급환자이송단,특수구급차,75누7297,032-584-7500,인천,서구
(주)경인응급구조단,특수구급차,71버9955,032-563-8912,인천,서구
(주)경인응급구조단,특수구급차,71버9977,032-563-8912,인천,서구
(주)경인응급구조단,특수구급차,71버9995,032-563-8912,인천,서구
(주)경인응급구조단,특수구급차,79구9622,032-563-8912,인천,서구
(주)경인응급구조단,특수구급차,79구9644,032-563-8912,인천,서구
(주)우리119이엠에스,특수구급차,700저3836,032-522-1190,인천,서구
(주)우리119이엠에스,특수구급차,706거2702,032-522-1190,인천,서구
(주)우리119이엠에스,특수구급차,706거2703,032-522-1190,인천,서구
(주)우리119이엠에스,특수구급차,706거2730,032-522-1190,인천,서구
(주)우리119이엠에스,특수구급차,709나9277,032-522-1190,인천,서구
(주)우리119이엠에스,특수구급차,706거2704,032-522-1190,인천,서구
(주)인천1339에이엠에스,특수구급차,709나9231,032-567-1339,인천,서구
(주)인천1339에이엠에스,특수구급차,709나9232,032-567-1339,인천,서구
(주)인천1339에이엠에스,특수구급차,726어5429,032-567-1339,인천,서구
(주)인천1339에이엠에스,특수구급차,726어5426,032-567-1339,인천,서구
(주)인천1339에이엠에스,특수구급차,726어5427,032-567-1339,인천,서구
(주)인천1339에이엠에스,특수구급차,726어5428,032-567-1339,인천,서구
(주)달구,특수구급차,720러2126,062-236-1191,광주,동구
(주)달구,특수구급차,720러2127,062-236-1191,광주,동구
(주)달구,특수구급차,720러2128,062-236-1191,광주,동구
(주)달구,특수구급차,720러2129,062-236-1191,광주,동구
(주)달구,특수구급차,720러2130,062-236-1191,광주,동구
메디칼이송단,특수구급차,701저1310,062-234-9575,광주,동구
메디칼이송단,특수구급차,701저1319,062-234-9575,광주,동구
메디칼이송단,특수구급차,71노9455,062-234-9575,광주,동구
메디칼이송단,특수구급차,71도2612,062-234-9575,광주,동구
메디칼이송단,특수구급차,71도2665,062-234-9575,광주,동구
메디칼이송단,특수구급차,72우9422,062-234-9575,광주,동구
메디칼이송단,특수구급차,714나3482,062-234-9575,광주,동구
메디칼이송단,특수구급차,710너1948,062-234-9575,광주,동구
팀코리아이엠에스(주),특수구급차,720러3247,062-223-9110,광주,동구
팀코리아이엠에스(주),특수구급차,722누5512,062-223-9110,광주,동구
팀코리아이엠에스(주),특수구급차,722누5525,062-223-9110,광주,동구
팀코리아이엠에스(주),특수구급차,722누5553,062-223-9110,광주,동구
팀코리아이엠에스(주),특수구급차,73거7881,062-223-9110,광주,동구
광주응급환자이송단,특수구급차,706오3393,062-223-5129,광주,북구
광주응급환자이송단,특수구급차,70로8837,062-223-5129,광주,북구
광주응급환자이송단,특수구급차,722누5570,062-223-5129,광주,북구
광주응급환자이송단,특수구급차,75누7278,062-223-5129,광주,북구
광주응급환자이송단,특수구급차,76무9155,062-223-5129,광주,북구
(유)프로응급환자이송센터,특수구급차,700로3660,062-681-1190,광주,서구
(유)프로응급환자이송센터,특수구급차,719저5406,062-681-1190,광주,서구
(유)프로응급환자이송센터,특수구급차,724보3518,062-681-1190,광주,서구
(유)프로응급환자이송센터,특수구급차,75무2016,062-681-1190,광주,서구
(유)프로응급환자이송센터,특수구급차,75무2170,062-681-1190,광주,서구
(유)한국에스오에스구급센터,특수구급차,722누5540,062-367-7777,광주,서구
(유)한국에스오에스구급센터,특수구급차,722누5582,062-367-7777,광주,서구
(유)한국에스오에스구급센터,특수구급차,722누5596,062-367-7777,광주,서구
(유)한국에스오에스구급센터,특수구급차,739러5179,062-367-7777,광주,서구
(유)한국에스오에스구급센터,특수구급차,75무2198,062-367-7777,광주,서구
(주)대전골든타임응급환자이송센터,특수구급차,702무2289,042-583-1190,대전,서구
(주)대전골든타임응급환자이송센터,특수구급차,719누5656,042-583-1190,대전,서구
(주)대전골든타임응급환자이송센터,특수구급차,715어5150,042-583-1190,대전,서구
(주)대전골든타임응급환자이송센터,특수구급차,719누5665,042-583-1190,대전,서구
(주)대전골든타임응급환자이송센터,특수구급차,719누5679,042-583-1190,대전,서구
(주)한밭129응급이송센터,특수구급차,708두6941,1600-1297,대전,서구
(주)한밭129응급이송센터,특수구급차,708두6945,1600-1297,대전,서구
(주)한밭129응급이송센터,특수구급차,708두6951,1600-1297,대전,서구
(주)한밭129응급이송센터,특수구급차,708두6980,1600-1297,대전,서구
(주)한밭129응급이송센터,특수구급차,72조7868,1600-1297,대전,서구
(주)129환자이송단,특수구급차,708두6979,042-221-0129,대전,중구
(주)129환자이송단,특수구급차,71너9921,042-221-0129,대전,중구
(주)129환자이송단,특수구급차,71라0329,042-221-0129,대전,중구
(주)129환자이송단,특수구급차,72보9620,042-221-0129,대전,중구
(주)129환자이송단,특수구급차,73로8401,042-221-0129,대전,중구
(주)129환자이송단,특수구급차,741모5278,042-221-0129,대전,중구
(주)129환자이송단,특수구급차,79더3516,042-221-0129,대전,중구
(주)중앙응급환자이송단,특수구급차,70루3410,052-293-1339,울산,남구
(주)중앙응급환자이송단,특수구급차,710거4943,052-293-1339,울산,남구
(주)중앙응급환자이송단,특수구급차,711오8525,052-293-1339,울산,남구
(주)중앙응급환자이송단,특수구급차,717모8164,052-293-1339,울산,남구
(주)중앙응급환자이송단,특수구급차,71도9991,052-293-1339,울산,남구
(주)중앙응급환자이송단,특수구급차,73너5984,052-293-1339,울산,남구
(주)중앙응급환자이송단,특수구급차,77너0581,052-293-1339,울산,남구
(주)중앙응급환자이송단,특수구급차,78러6368,052-293-1339,울산,남구
(주)중앙응급환자이송단,일반구급차,78서1774,052-293-1339,울산,남구
(주)현대응급이송센타,특수구급차,701로5311,052-261-4911,울산,남구
(주)현대응급이송센타,특수구급차,705부8871,052-261-4911,울산,남구
(주)현대응급이송센타,특수구급차,70너0933,052-261-4911,울산,남구
(주)현대응급이송센타,특수구급차,70마7345,052-261-4911,울산,남구
(주)현대응급이송센타,특수구급차,711고8140,052-261-4911,울산,남구
(주)현대응급이송센타,특수구급차,722다9287,052-261-4911,울산,남구
(주)현대응급이송센타,특수구급차,75머6366,052-261-4911,울산,남구
(주)우리응급환자이송단,특수구급차,717더6070,052-244-2444,울산,울주군
(주)우리응급환자이송단,특수구급차,729저2591,052-244-2444,울산,울주군
(주)우리응급환자이송단,일반구급차,73수5418,052-244-2444,울산,울주군
(주)우리응급환자이송단,특수구급차,74고0685,052-244-2444,울산,울주군
(주)우리응급환자이송단,특수구급차,75무2014,052-244-2444,울산,울주군
(주)우리응급환자이송단,일반구급차,78서2540,052-244-2444,울산,울주군
(주)우리응급환자이송단,특수구급차,79두2904,052-244-2444,울산,울주군
(주)울산에스오에스이송센타,특수구급차,729저2501,052-223-6666,울산,중구
(주)울산에스오에스이송센타,특수구급차,729저2581,052-223-6666,울산,중구
(주)울산에스오에스이송센타,특수구급차,75무2120,052-223-6666,울산,중구
(주)울산에스오에스이송센타,일반구급차,77더2512,052-223-6666,울산,중구
(주)울산에스오에스이송센타,특수구급차,77라7743,052-223-6666,울산,중구
(주)울산에스오에스이송센타,일반구급차,73너9946,052-223-6666,울산,중구
(주)울산에스오에스이송센타,특수구급차,78구3685,052-223-6666,울산,중구
(주)울산에스오에스이송센타,일반구급차,78무3697,052-223-6666,울산,중구
(유)충남129환자이송센터,특수구급차,708더7407,044-866-0129,세종,세종시
(유)충남129환자이송센터,일반구급차,71도9943,044-866-0129,세종,세종시
(유)충남129환자이송센터,특수구급차,72더2552,044-866-0129,세종,세종시
(유)충남129환자이송센터,특수구급차,734부9181,044-866-0129,세종,세종시
(유)충남129환자이송센터,특수구급차,74서2428,044-866-0129,세종,세종시
(유)충남129환자이송센터,특수구급차,76루4763,044-866-0129,세종,세종시
(유)충남129환자이송센터,일반구급차,78마9997,044-866-0129,세종,세종시
(주)사랑메디컬,특수구급차,700서9101,031-812-9878,경기,고양시 일산동구
(주)사랑메디컬,특수구급차,707서1650,031-812-9878,경기,고양시 일산동구
(주)사랑메디컬,특수구급차,70부5377,031-812-9878,경기,고양시 일산동구
(주)사랑메디컬,특수구급차,721다7877,031-812-9878,경기,고양시 일산동구
(주)사랑메디컬,특수구급차,729구9531,031-812-9878,경기,고양시 일산동구
(주)정성구급센터,특수구급차,729구9562,031-904-0911,경기,고양시 일산동구
(주)정성구급센터,특수구급차,73조9349,031-904-0911,경기,고양시 일산동구
(주)정성구급센터,특수구급차,73조9434,031-904-0911,경기,고양시 일산동구
(주)정성구급센터,특수구급차,76보7500,031-904-0911,경기,고양시 일산동구
(주)정성구급센터,특수구급차,77오3123,031-904-0911,경기,고양시 일산동구
골든아워EPTC,특수구급차,705가2729,1855-1399,경기,고양시 일산동구
골든아워EPTC,특수구급차,708보5379,1855-1399,경기,고양시 일산동구
골든아워EPTC,특수구급차,71도3111,1855-1399,경기,고양시 일산동구
골든아워EPTC,특수구급차,721무4806,1855-1399,경기,고양시 일산동구
골든아워EPTC,특수구급차,730로9181,1855-1399,경기,고양시 일산동구
골든아워EPTC,특수구급차,76모7344,1855-1399,경기,고양시 일산동구
케이쿱이엠에스협동조합,특수구급차,700서9110,031-994-3129,경기,고양시 일산동구
케이쿱이엠에스협동조합,일반구급차,70두7997,031-994-3129,경기,고양시 일산동구
케이쿱이엠에스협동조합,특수구급차,71로8403,031-994-3129,경기,고양시 일산동구
케이쿱이엠에스협동조합,특수구급차,703서2656,031-994-3129,경기,고양시 일산동구
케이쿱이엠에스협동조합,특수구급차,73어8447,031-994-3129,경기,고양시 일산동구
케이쿱이엠에스협동조합,특수구급차,74서2481,031-994-3129,경기,고양시 일산동구
케이쿱이엠에스협동조합,특수구급차,76마9710,031-994-3129,경기,고양시 일산동구
케이쿱이엠에스협동조합,특수구급차,77저5595,031-994-3129,경기,고양시 일산동구
케이쿱이엠에스협동조합,특수구급차,78루4759,031-994-3129,경기,고양시 일산동구
(주)이엠에스천사,특수구급차,703서2659,1644-0129,경기,고양시 일산서구
(주)이엠에스천사,특수구급차,712더1429,1644-0129,경기,고양시 일산서구
(주)이엠에스천사,특수구급차,716다6477,1644-0129,경기,고양시 일산서구
(주)이엠에스천사,특수구급차,721다7882,1644-0129,경기,고양시 일산서구
(주)이엠에스천사,특수구급차,730누4280,1644-0129,경기,고양시 일산서구
(주)이엠에스천사,특수구급차,730누4283,1644-0129,경기,고양시 일산서구
(주)이엠에스천사,특수구급차,730누4298,1644-0129,경기,고양시 일산서구
사회복지법인 대한인명구조단 고양시지부,일반구급차,722구8713,031-923-1339,경기,고양시 일산서구
사회복지법인 대한인명구조단 고양시지부,일반구급차,72서6552,031-923-1339,경기,고양시 일산서구
사회복지법인 대한인명구조단 고양시지부,일반구급차,76마9770,031-923-1339,경기,고양시 일산서구
(주)129이엠에스,특수구급차,700우4244,1855-1290,경기,광명시
(주)129이엠에스,특수구급차,700우4247,1855-1290,경기,광명시
(주)129이엠에스,특수구급차,700우4277,1855-1290,경기,광명시
(주)129이엠에스,특수구급차,736무8844,1855-1290,경기,광명시
(주)129이엠에스,특수구급차,73너9913,1855-1290,경기,광명시
프로응급환자이송센터(주),특수구급차,71보1168,031-559-0129,경기,광주시
프로응급환자이송센터(주),특수구급차,721무4890,031-559-0129,경기,광주시
프로응급환자이송센터(주),일반구급차,721무4892,031-559-0129,경기,광주시
프로응급환자이송센터(주),특수구급차,725루4641,031-559-0129,경기,광주시
프로응급환자이송센터(주),특수구급차,75무2121,031-559-0129,경기,광주시
프로응급환자이송센터(주),특수구급차,75무5447,031-559-0129,경기,광주시
(주)비사벌메디칼,특수구급차,706두2207,031-523-8080,경기,남양주시
(주)비사벌메디칼,특수구급차,713고6069,031-523-8080,경기,남양주시
(주)비사벌메디칼,특수구급차,76마9703,031-523-8080,경기,남양주시
(주)비사벌메디칼,특수구급차,71주6454,031-523-8080,경기,남양주시
(주)비사벌메디칼,특수구급차,72가3712,031-523-8080,경기,남양주시
(주)비사벌메디칼,특수구급차,72서6609,031-523-8080,경기,남양주시
(주)129메디컬,특수구급차,701두6260,032-655-1339,경기,부천시
(주)129메디컬,특수구급차,714다7621,032-655-1339,경기,부천시
(주)129메디컬,특수구급차,714저8288,032-655-1339,경기,부천시
(주)129메디컬,특수구급차,732어2616,032-655-1339,경기,부천시
(주)129메디컬,특수구급차,732어2663,032-655-1339,경기,부천시
(주)경기129,특수구급차,714다7647,032-345-0129,경기,부천시
(주)경기129,특수구급차,715가8144,032-345-0129,경기,부천시
(주)경기129,특수구급차,715가8148,032-345-0129,경기,부천시
(주)경기129,특수구급차,73고2247,032-345-0129,경기,부천시
(주)경기129,특수구급차,77고6872,032-345-0129,경기,부천시
(주)경기129,특수구급차,708우2645,032-345-0129,경기,부천시
경기구급센터,특수구급차,702무2822,032-664-5129,경기,부천시
경기구급센터,특수구급차,708우2640,032-664-5129,경기,부천시
경기구급센터,특수구급차,702무2812,032-664-5129,경기,부천시
경기구급센터,특수구급차,708우2608,032-664-5129,경기,부천시
경기구급센터,특수구급차,75도2245,032-664-5129,경기,부천시
(주)코리아모빌케어,특수구급차,715가8165,1644-7253,경기,성남시 분당구
(주)코리아모빌케어,특수구급차,725구5435,1644-7253,경기,성남시 분당구
(주)코리아모빌케어,특수구급차,725구5454,1644-7253,경기,성남시 분당구
(주)코리아모빌케어,특수구급차,725구5464,1644-7253,경기,성남시 분당구
(주)코리아모빌케어,특수구급차,725구5465,1644-7253,경기,성남시 분당구
(주)코리아모빌케어,특수구급차,725구5474,1644-7253,경기,성남시 분당구
협동조합오성,특수구급차,70오7886,031-382-2121,경기,성남시 분당구
협동조합오성,특수구급차,728루4789,031-382-2121,경기,성남시 분당구
협동조합오성,특수구급차,72루9583,031-382-2121,경기,성남시 분당구
협동조합오성,특수구급차,732러8666,031-382-2121,경기,성남시 분당구
협동조합오성,특수구급차,73어9910,031-382-2121,경기,성남시 분당구
(주)바른이엠에스,특수구급차,71더1961,031-733-1129,경기,성남시 수정구
(주)바른이엠에스,특수구급차,71더1984,031-733-1129,경기,성남시 수정구
(주)바른이엠에스,특수구급차,725고3354,031-733-1129,경기,성남시 수정구
(주)바른이엠에스,특수구급차,725고3363,031-733-1129,경기,성남시 수정구
(주)바른이엠에스,특수구급차,725고3364,031-733-1129,경기,성남시 수정구
(주)바른이엠에스,특수구급차,725고3374,031-733-1129,경기,성남시 수정구
주식회사 이엠에스프로,특수구급차,70두7901,031-757-1475,경기,성남시 중원구
주식회사 이엠에스프로,특수구급차,70두7908,031-757-1475,경기,성남시 중원구
주식회사 이엠에스프로,특수구급차,714너4582,031-757-1475,경기,성남시 중원구
주식회사 이엠에스프로,특수구급차,714너4583,031-757-1475,경기,성남시 중원구
주식회사 이엠에스프로,특수구급차,71더2654,031-757-1475,경기,성남시 중원구
㈜하나이엠에스,특수구급차,714러4227,031-267-1339,경기,수원시 영통구
㈜하나이엠에스,특수구급차,71누9344,031-267-1339,경기,수원시 영통구
㈜하나이엠에스,특수구급차,71누9382,031-267-1339,경기,수원시 영통구
㈜하나이엠에스,특수구급차,720무7972,031-267-1339,경기,수원시 영통구
㈜하나이엠에스,특수구급차,726러3039,031-267-1339,경기,수원시 영통구
㈜하나이엠에스,특수구급차,733수3119,031-267-1339,경기,수원시 영통구
㈜하나이엠에스,특수구급차,716고9251,031-267-1339,경기,수원시 영통구
(주)누리이엠에스,특수구급차,78루4935,1533-0129,경기,수원시 장안구
(주)누리이엠에스,특수구급차,78루4950,1533-0129,경기,수원시 장안구
(주)누리이엠에스,특수구급차,78루4956,1533-0129,경기,수원시 장안구
(주)누리이엠에스,특수구급차,78루4990,1533-0129,경기,수원시 장안구
(주)누리이엠에스,특수구급차,78루4995,1533-0129,경기,수원시 장안구
(주)경기이엠에스,특수구급차,712고2073,031-244-1339,경기,수원시 팔달구
(주)경기이엠에스,특수구급차,712고2075,031-244-1339,경기,수원시 팔달구
(주)경기이엠에스,특수구급차,713우5454,031-244-1339,경기,수원시 팔달구
(주)경기이엠에스,특수구급차,714러4210,031-244-1339,경기,수원시 팔달구
(주)경기이엠에스,특수구급차,719모8320,031-244-1339,경기,수원시 팔달구
(주)경기이엠에스,특수구급차,71두0139,031-244-1339,경기,수원시 팔달구
(주)경기이엠에스,특수구급차,71마3800,031-244-1339,경기,수원시 팔달구
(주)경기이엠에스,특수구급차,72조1003,031-244-1339,경기,수원시 팔달구
(주)경기이엠에스,특수구급차,72조1009,031-244-1339,경기,수원시 팔달구
네오에쓰앤씨(주),특수구급차,70버6942,031-431-9999,경기,시흥시
네오에쓰앤씨(주),일반구급차,70버6995,031-431-9999,경기,시흥시
네오에쓰앤씨(주),특수구급차,727다5129,031-431-9999,경기,시흥시
네오에쓰앤씨(주),특수구급차,727다5154,031-431-9999,경기,시흥시
네오에쓰앤씨(주),특수구급차,76나1734,031-431-9999,경기,시흥시
네오에쓰앤씨(주),특수구급차,78누4689,031-431-9999,경기,시흥시
(주)선한이엠에스,특수구급차,704다9312,031-414-1129,경기,안산시 상록구
(주)선한이엠에스,특수구급차,713무3693,031-414-1129,경기,안산시 상록구
(주)선한이엠에스,특수구급차,720부9710,031-414-1129,경기,안산시 상록구
(주)선한이엠에스,특수구급차,733수3129,031-414-1129,경기,안산시 상록구
(주)선한이엠에스,특수구급차,738마6729,031-414-1129,경기,안산시 상록구
(주)선한이엠에스,특수구급차,78루4802,031-414-1129,경기,안산시 상록구
(주)이엠에스탑,특수구급차,701가3822,031-438-0119,경기,안산시 상록구
(주)이엠에스탑,특수구급차,701보3902,031-438-0119,경기,안산시 상록구
(주)이엠에스탑,특수구급차,714도6019,031-438-0119,경기,안산시 상록구
(주)이엠에스탑,특수구급차,76무9327,031-438-0119,경기,안산시 상록구
(주)이엠에스탑,특수구급차,76보7750,031-438-0119,경기,안산시 상록구
(주)이엠에스탑,일반구급차,78루4770,031-438-0119,경기,안산시 상록구
(주)중앙129,특수구급차,701두6245,1522-1129,경기,안산시 상록구
(주)중앙129,특수구급차,703두8105,1522-1129,경기,안산시 상록구
(주)중앙129,특수구급차,714거7570,1522-1129,경기,안산시 상록구
(주)중앙129,특수구급차,71고4809,1522-1129,경기,안산시 상록구
(주)중앙129,특수구급차,720버6344,1522-1129,경기,안산시 상록구
(주)중앙129,일반구급차,707버2776,1522-1129,경기,안산시 상록구
(주)중앙129,특수구급차,740거4201,1522-1129,경기,안산시 상록구
(주)중앙129,특수구급차,702누7868,1522-1129,경기,안산시 상록구
(주)토브메디컬,특수구급차,700러6757,1833-8085,경기,안산시 상록구
(주)토브메디컬,특수구급차,700러6764,1833-8085,경기,안산시 상록구
(주)토브메디컬,특수구급차,711소2418,1833-8085,경기,안산시 상록구
(주)토브메디컬,특수구급차,711소2428,1833-8085,경기,안산시 상록구
(주)토브메디컬,특수구급차,714러4200,1833-8085,경기,안산시 상록구
(주)토브메디컬,일반구급차,72가3649,1833-8085,경기,안산시 상록구
(주)토브메디컬,일반구급차,72가3842,1833-8085,경기,안산시 상록구
(주)토브메디컬,특수구급차,73조9478,1833-8085,경기,안산시 상록구
(주)토브메디컬,일반구급차,76나1190,1833-8085,경기,안산시 상록구
(주)케이비이구급센터,특수구급차,724보8753,031-886-1339,경기,여주시
(주)케이비이구급센터,특수구급차,730루6002,031-886-1339,경기,여주시
(주)케이비이구급센터,특수구급차,74서4673,031-886-1339,경기,여주시
(주)케이비이구급센터,특수구급차,75주4029,031-886-1339,경기,여주시
(주)케이비이구급센터,특수구급차,75주4090,031-886-1339,경기,여주시
(주)센트럴메디컬,특수구급차,71노9148,1899-5943,경기,오산시
(주)센트럴메디컬,특수구급차,71도3131,1899-5943,경기,오산시
(주)센트럴메디컬,특수구급차,721다7870,1899-5943,경기,오산시
(주)센트럴메디컬,특수구급차,72오8944,1899-5943,경기,오산시
(주)센트럴메디컬,특수구급차,76수0528,1899-5943,경기,오산시
(주)센트럴메디컬,특수구급차,79구9495,1899-5943,경기,오산시
(주)돌핀응급환자이송단,특수구급차,719두2394,1566-3605,경기,용인시 기흥구
(주)돌핀응급환자이송단,특수구급차,71러3989,1566-3605,경기,용인시 기흥구
(주)돌핀응급환자이송단,특수구급차,724두8644,1566-3605,경기,용인시 기흥구
(주)돌핀응급환자이송단,특수구급차,728노8810,1566-3605,경기,용인시 기흥구
(주)돌핀응급환자이송단,특수구급차,71다4646,1566-3605,경기,용인시 기흥구
주식회사365구급대,특수구급차,71도3123,031-286-0365,경기,용인시 기흥구
주식회사365구급대,특수구급차,726러3006,031-286-0365,경기,용인시 기흥구
주식회사365구급대,특수구급차,726러3034,031-286-0365,경기,용인시 기흥구
주식회사365구급대,특수구급차,72러3520,031-286-0365,경기,용인시 기흥구
주식회사365구급대,특수구급차,72러3570,031-286-0365,경기,용인시 기흥구
(주)129구급대,특수구급차,703서2607,031-531-0129,경기,용인시 처인구
(주)129구급대,특수구급차,716부5734,031-531-0129,경기,용인시 처인구
(주)129구급대,일반구급차,716부5739,031-531-0129,경기,용인시 처인구
(주)129구급대,일반구급차,716부5770,031-531-0129,경기,용인시 처인구
(주)129구급대,특수구급차,71라4671,031-531-0129,경기,용인시 처인구
(주)129구급대,특수구급차,721조8748,031-531-0129,경기,용인시 처인구
(주)129구급대,일반구급차,72가3752,031-531-0129,경기,용인시 처인구
(주)129구급대,일반구급차,72가3876,031-531-0129,경기,용인시 처인구
(주)129구급대,일반구급차,735너9140,031-531-0129,경기,용인시 처인구
(주)129구급대,특수구급차,721부2121,031-531-0129,경기,용인시 처인구
(주)129구급대,특수구급차,721나4881,031-531-0129,경기,용인시 처인구
(주)129구급대,일반구급차,78구4329,031-531-0129,경기,용인시 처인구
(주)129구급대,특수구급차,78오4416,031-531-0129,경기,용인시 처인구
(주)129한국이엠에스,특수구급차,706구4056,031-338-1339,경기,용인시 처인구
(주)129한국이엠에스,특수구급차,714주5480,031-338-1339,경기,용인시 처인구
(주)129한국이엠에스,특수구급차,714주5488,031-338-1339,경기,용인시 처인구
(주)129한국이엠에스,특수구급차,71조7989,031-338-1339,경기,용인시 처인구
(주)129한국이엠에스,특수구급차,76무9386,031-338-1339,경기,용인시 처인구
(주)사마리안,특수구급차,703모2610,031-635-0119,경기,의정부시
(주)사마리안,특수구급차,703모2630,031-635-0119,경기,의정부시
(주)사마리안,특수구급차,703모2634,031-635-0119,경기,의정부시
(주)사마리안,특수구급차,708두1640,031-635-0119,경기,의정부시
(주)사마리안,특수구급차,71누9319,031-635-0119,경기,의정부시
(주)사마리안,특수구급차,739러5161,031-635-0119,경기,의정부시
(주)사마리안,특수구급차,739러5168,031-635-0119,경기,의정부시
(주)사설 129응급환자이송센터,특수구급차,721나4880,031-848-0129,경기,의정부시
(주)사설 129응급환자이송센터,특수구급차,721나4886,031-848-0129,경기,의정부시
(주)사설 129응급환자이송센터,특수구급차,733수3111,031-848-0129,경기,의정부시
(주)사설 129응급환자이송센터,특수구급차,733수3131,031-848-0129,경기,의정부시
(주)사설 129응급환자이송센터,특수구급차,733수3156,031-848-0129,경기,의정부시
(주)사설 129응급환자이송센터,일반구급차,77서7424,031-848-0129,경기,의정부시
(주)사설 129응급환자이송센터,일반구급차,79조8818,031-848-0129,경기,의정부시
(주)라이프응급환자이송센터,일반구급차,702노7669,1660-1290,경기,파주시
(주)라이프응급환자이송센터,특수구급차,703수3330,1660-1290,경기,파주시
(주)라이프응급환자이송센터,특수구급차,703조1249,1660-1290,경기,파주시
(주)라이프응급환자이송센터,일반구급차,730소3828,1660-1290,경기,파주시
(주)라이프응급환자이송센터,특수구급차,730소3838,1660-1290,경기,파주시
(주)라이프응급환자이송센터,특수구급차,736구9118,1660-1290,경기,파주시
(주)라이프응급환자이송센터,특수구급차,736구9100,1660-1290,경기,파주시
(주)라이프응급환자이송센터,특수구급차,720구1923,1660-1290,경기,파주시
(주)중앙이엠에스,특수구급차,706서2602,1522-0129,경기,평택시
(주)중앙이엠에스,특수구급차,713무2205,1522-0129,경기,평택시
(주)중앙이엠에스,특수구급차,719오8344,1522-0129,경기,평택시
(주)중앙이엠에스,특수구급차,713무2200,1522-0129,경기,평택시
(주)중앙이엠에스,특수구급차,77오9339,1522-0129,경기,평택시
㈜구일일인명구급대,특수구급차,706서2659,031-682-1339,경기,평택시
㈜구일일인명구급대,특수구급차,707더6844,031-682-1339,경기,평택시
㈜구일일인명구급대,특수구급차,70저0905,031-682-1339,경기,평택시
㈜구일일인명구급대,특수구급차,70저0925,031-682-1339,경기,평택시
㈜구일일인명구급대,특수구급차,70저0963,031-682-1339,경기,평택시
㈜구일일인명구급대,특수구급차,714소6332,031-682-1339,경기,평택시
㈜구일일인명구급대,특수구급차,714소6338,031-682-1339,경기,평택시
㈜구일일인명구급대,특수구급차,726머2260,031-682-1339,경기,평택시
㈜구일일인명구급대,특수구급차,726머2291,031-682-1339,경기,평택시
㈜구일일인명구급대,특수구급차,727나2511,031-682-1339,경기,평택시
㈜구일일인명구급대,특수구급차,727나2560,031-682-1339,경기,평택시
㈜구일일인명구급대,일반구급차,77라5674,031-682-1339,경기,평택시
(주)AMS코리아,특수구급차,71누9461,1644-3912,경기,포천시
(주)AMS코리아,특수구급차,730누6042,1644-3912,경기,포천시
(주)AMS코리아,특수구급차,730누6080,1644-3912,경기,포천시
(주)AMS코리아,특수구급차,710조4004,1644-3912,경기,포천시
(주)AMS코리아,특수구급차,74너6401,1644-3912,경기,포천시
(주)샵911,특수구급차,713오2004,031-671-0911,경기,화성시 효행구
(주)샵911,특수구급차,714러4299,031-671-0911,경기,화성시 효행구
(주)샵911,특수구급차,719가9120,031-671-0911,경기,화성시 효행구
(주)샵911,특수구급차,720무7911,031-671-0911,경기,화성시 효행구
(주)샵911,특수구급차,726러3099,031-671-0911,경기,화성시 효행구
(주)샵911,일반구급차,73너9874,031-671-0911,경기,화성시 효행구
(주)샵911,특수구급차,77오3129,031-671-0911,경기,화성시 효행구
(주)한국1339,특수구급차,705고4453,033-735-5119,강원,원주시
(주)한국1339,특수구급차,71라3848,033-735-5119,강원,원주시
(주)한국1339,특수구급차,737루4238,033-735-5119,강원,원주시
(주)한국1339,일반구급차,75라5481,033-735-5119,강원,원주시
(주)한국1339,특수구급차,77오4601,033-735-5119,강원,원주시
(주)한국1339,특수구급차,714조6067,033-735-5119,강원,원주시
강원구일일(주),특수구급차,716버5543,033-461-0911,강원,인제군
강원구일일(주),특수구급차,716버5584,033-461-0911,강원,인제군
강원구일일(주),특수구급차,71주6404,033-461-0911,강원,인제군
강원구일일(주),특수구급차,706두9798,033-461-0911,강원,인제군
강원구일일(주),특수구급차,76무9396,033-461-0911,강원,인제군
(주)강원129구급대,특수구급차,702누3783,033-252-5129,강원,춘천시
(주)강원129구급대,특수구급차,706주7998,033-252-5129,강원,춘천시
(주)강원129구급대,특수구급차,74오4323,033-252-5129,강원,춘천시
(주)강원129구급대,특수구급차,75노0746,033-252-5129,강원,춘천시
(주)강원129구급대,특수구급차,75누7862,033-252-5129,강원,춘천시
(주)바른인명구조단,특수구급차,704다1770,033-253-0129,강원,춘천시
(주)바른인명구조단,특수구급차,704다1773,033-253-0129,강원,춘천시
(주)바른인명구조단,특수구급차,706두9779,033-253-0129,강원,춘천시
(주)바른인명구조단,특수구급차,71도3135,033-253-0129,강원,춘천시
(주)바른인명구조단,특수구급차,706두9795,033-253-0129,강원,춘천시
(주)바른인명구조단,특수구급차,702누3713,033-253-0129,강원,춘천시
(주)바른인명구조단,특수구급차,702누3799,033-253-0129,강원,춘천시
(주)바른인명구조단,일반구급차,702누3717,033-253-0129,강원,춘천시
(주)바른인명구조단,특수구급차,76나1433,033-253-0129,강원,춘천시
(주)바른인명구조단,특수구급차,76다1208,033-253-0129,강원,춘천시
(주)바른인명구조단,특수구급차,76다1248,033-253-0129,강원,춘천시
(주)바른인명구조단,특수구급차,78구3956,033-253-0129,강원,춘천시
(주)바른인명구조단,특수구급차,702누3703,033-253-0129,강원,춘천시
(주)바른인명구조단,특수구급차,78마1872,033-253-0129,강원,춘천시
(주)바른인명구조단,특수구급차,79모9214,033-253-0129,강원,춘천시
(주)강원129이송단,일반구급차,704구7888,033-553-9129,강원,태백시
(주)강원129이송단,특수구급차,709저7625,033-553-9129,강원,태백시
(주)강원129이송단,특수구급차,709저7677,033-553-9129,강원,태백시
(주)강원129이송단,특수구급차,709저7688,033-553-9129,강원,태백시
(주)강원129이송단,특수구급차,70거8875,033-553-9129,강원,태백시
(주)강원129이송단,특수구급차,70거8879,033-553-9129,강원,태백시
(주)강원129이송단,특수구급차,70수9475,033-553-9129,강원,태백시
(주)강원129이송단,일반구급차,71도3113,033-553-9129,강원,태백시
(주)강원129이송단,일반구급차,72머9095,033-553-9129,강원,태백시
(주)강원129이송단,특수구급차,738로2300,033-553-9129,강원,태백시
(주)강원129이송단,특수구급차,738로2383,033-553-9129,강원,태백시
(주)강원129이송단,특수구급차,75우0298,033-553-9129,강원,태백시
(주)강원129이송단,일반구급차,77어3353,033-553-9129,강원,태백시
(주)강원129이송단,특수구급차,77오6755,033-553-9129,강원,태백시
(주)강원129이송단,일반구급차,79조5171,033-553-9129,강원,태백시
(주)강원129이송단,특수구급차,79조5188,033-553-9129,강원,태백시
(주)129구급대,특수구급차,710서5593,033-434-3119,강원,홍천군
(주)129구급대,일반구급차,71더7915,033-434-3119,강원,홍천군
(주)129구급대,일반구급차,71저2191,033-434-3119,강원,홍천군
(주)129구급대,특수구급차,72머9494,033-434-3119,강원,홍천군
(주)129구급대,특수구급차,735러1703,033-434-3119,강원,홍천군
(주)129구급대,일반구급차,735러1706,033-434-3119,강원,홍천군
(주)129구급대,일반구급차,735러1717,033-434-3119,강원,홍천군
(주)129구급대,일반구급차,735러1718,033-434-3119,강원,홍천군
(주)129구급대,일반구급차,735러1719,033-434-3119,강원,홍천군
(주)129구급대,특수구급차,73조9456,033-434-3119,강원,홍천군
(주)129구급대,특수구급차,77오6694,033-434-3119,강원,홍천군
내토응급환자이송단,특수구급차,701더4161,043-652-2119,충북,제천시
내토응급환자이송단,특수구급차,701더4193,043-652-2119,충북,제천시
내토응급환자이송단,특수구급차,71마6207,043-652-2119,충북,제천시
내토응급환자이송단,특수구급차,71마6228,043-652-2119,충북,제천시
내토응급환자이송단,특수구급차,74러1700,043-652-2119,충북,제천시
(주)대한구급센터,특수구급차,701나2951,043-291-9111,충북,청주시 서원구
(주)대한구급센터,일반구급차,706모8575,043-291-9111,충북,청주시 서원구
(주)대한구급센터,특수구급차,708고1342,043-291-9111,충북,청주시 서원구
(주)대한구급센터,특수구급차,724보8740,043-291-9111,충북,청주시 서원구
(주)대한구급센터,특수구급차,701나2944,043-291-9111,충북,청주시 서원구
(주)대한구급센터,특수구급차,73소7095,043-291-9111,충북,청주시 서원구
(주)충북응급환자이송단,특수구급차,717모8156,043-222-1129,충북,청주시 서원구
(주)충북응급환자이송단,특수구급차,725거5848,043-222-1129,충북,청주시 서원구
(주)충북응급환자이송단,특수구급차,75거2713,043-222-1129,충북,청주시 서원구
(주)충북응급환자이송단,특수구급차,75거2714,043-222-1129,충북,청주시 서원구
(주)충북응급환자이송단,특수구급차,737루4200,043-222-1129,충북,청주시 서원구
(주)직지응급환자이송단,특수구급차,70로8955,043-218-0129,충북,청주시 청원구
(주)직지응급환자이송단,특수구급차,714소6350,043-218-0129,충북,청주시 청원구
(주)직지응급환자이송단,특수구급차,716거3750,043-218-0129,충북,청주시 청원구
(주)직지응급환자이송단,특수구급차,728서9359,043-218-0129,충북,청주시 청원구
(주)직지응급환자이송단,일반구급차,737노1686,043-218-0129,충북,청주시 청원구
(주)직지응급환자이송단,특수구급차,737소4086,043-218-0129,충북,청주시 청원구
(주)직지응급환자이송단,특수구급차,719두8241,043-218-0129,충북,청주시 청원구
(주)직지응급환자이송단,일반구급차,725거5886,043-218-0129,충북,청주시 청원구
(주)국제응급환자이송센터,특수구급차,700너5328,043-272-0129,충북,청주시 흥덕구
(주)국제응급환자이송센터,특수구급차,701나2905,043-272-0129,충북,청주시 흥덕구
(주)국제응급환자이송센터,특수구급차,701나2906,043-272-0129,충북,청주시 흥덕구
(주)국제응급환자이송센터,특수구급차,701나2934,043-272-0129,충북,청주시 흥덕구
(주)국제응급환자이송센터,특수구급차,701나2980,043-272-0129,충북,청주시 흥덕구
(주)국제응급환자이송센터,특수구급차,701나2981,043-272-0129,충북,청주시 흥덕구
(주)국제응급환자이송센터,일반구급차,70버6721,043-272-0129,충북,청주시 흥덕구
(주)국제응급환자이송센터,특수구급차,711오8578,043-272-0129,충북,청주시 흥덕구
(주)국제응급환자이송센터,특수구급차,715가8112,043-272-0129,충북,청주시 흥덕구
(주)국제응급환자이송센터,일반구급차,77두6112,043-272-0129,충북,청주시 흥덕구
(주)중부응급이송센터,특수구급차,700나4255,043-853-1129,충북,충주시
(주)중부응급이송센터,특수구급차,701보4101,043-853-1129,충북,충주시
(주)중부응급이송센터,특수구급차,703다9268,043-853-1129,충북,충주시
(주)중부응급이송센터,특수구급차,71로9280,043-853-1129,충북,충주시
(주)중부응급이송센터,일반구급차,72누1662,043-853-1129,충북,충주시
(주)중부응급이송센터,특수구급차,71로9258,043-853-1129,충북,충주시
(주)중부응급이송센터,특수구급차,703구6190,043-853-1129,충북,충주시
(주)중부응급이송센터,특수구급차,703구6176,043-853-1129,충북,충주시
중앙응급환자이송단,특수구급차,70부5363,043-857-1129,충북,충주시
중앙응급환자이송단,특수구급차,71누9362,043-857-1129,충북,충주시
중앙응급환자이송단,특수구급차,71로9291,043-857-1129,충북,충주시
중앙응급환자이송단,특수구급차,71로9297,043-857-1129,충북,충주시
중앙응급환자이송단,특수구급차,737소4054,043-857-1129,충북,충주시
중앙응급환자이송단,특수구급차,74루8877,043-857-1129,충북,충주시
중앙응급환자이송단,특수구급차,74루8886,043-857-1129,충북,충주시
충남응급환자이송단,특수구급차,709소4078,041-356-0129,충남,당진시
충남응급환자이송단,특수구급차,70두7695,041-356-0129,충남,당진시
충남응급환자이송단,일반구급차,70두7915,041-356-0129,충남,당진시
충남응급환자이송단,특수구급차,70로8873,041-356-0129,충남,당진시
충남응급환자이송단,특수구급차,711소8984,041-356-0129,충남,당진시
충남응급환자이송단,특수구급차,77도7743,041-356-0129,충남,당진시
충남응급환자이송단,특수구급차,77도7748,041-356-0129,충남,당진시
(주)충남구급이송센터,특수구급차,702우6400,041-931-0129,충남,보령시
(주)충남구급이송센터,특수구급차,710구4615,041-931-0129,충남,보령시
(주)충남구급이송센터,특수구급차,710구4616,041-931-0129,충남,보령시
(주)충남구급이송센터,특수구급차,71소9736,041-931-0129,충남,보령시
(주)충남구급이송센터,특수구급차,71소9809,041-931-0129,충남,보령시
(주)충남구급센타,특수구급차,701오7654,041-533-9129,충남,아산시
(주)충남구급센타,특수구급차,701오7681,041-533-9129,충남,아산시
(주)충남구급센타,특수구급차,705다6629,041-533-9129,충남,아산시
(주)충남구급센타,특수구급차,711오8530,041-533-9129,충남,아산시
(주)충남구급센타,특수구급차,711오8597,041-533-9129,충남,아산시
(주)충남129환자이송센터,특수구급차,708더7417,041-338-0129,충남,예산군
(주)충남129환자이송센터,특수구급차,708더7418,041-338-0129,충남,예산군
(주)충남129환자이송센터,특수구급차,708더7479,041-338-0129,충남,예산군
(주)충남129환자이송센터,특수구급차,708더7484,041-338-0129,충남,예산군
(주)충남129환자이송센터,일반구급차,708더7497,041-338-0129,충남,예산군
(주)충남129환자이송센터,일반구급차,70우8365,041-338-0129,충남,예산군
(주)충남129환자이송센터,특수구급차,71가4297,041-338-0129,충남,예산군
(주)충남129환자이송센터,특수구급차,77도7774,041-338-0129,충남,예산군
(주)충남129환자이송센터,일반구급차,708더7473,041-338-0129,충남,예산군
(주)충남129환자이송센터,특수구급차,74누0939,041-338-0129,충남,예산군
(주)충청응급환자이송단,특수구급차,701조8113,041-568-0129,충남,천안시 동남구
(주)충청응급환자이송단,특수구급차,705다6663,041-568-0129,충남,천안시 동남구
(주)충청응급환자이송단,특수구급차,706다7005,041-568-0129,충남,천안시 동남구
(주)충청응급환자이송단,특수구급차,711무9809,041-568-0129,충남,천안시 동남구
(주)충청응급환자이송단,특수구급차,723수5684,041-568-0129,충남,천안시 동남구
(주)충청응급환자이송단,특수구급차,728도9020,041-568-0129,충남,천안시 동남구
(주)충청응급환자이송단,일반구급차,728보5187,041-568-0129,충남,천안시 동남구
(주)충청응급환자이송단,특수구급차,75누4025,041-568-0129,충남,천안시 동남구
129응급환자이송단,특수구급차,704더3200,041-552-1129,충남,천안시 동남구
129응급환자이송단,특수구급차,707너5755,041-552-1129,충남,천안시 동남구
129응급환자이송단,일반구급차,70로8769,041-552-1129,충남,천안시 동남구
129응급환자이송단,특수구급차,711두8228,041-552-1129,충남,천안시 동남구
129응급환자이송단,특수구급차,723거9620,041-552-1129,충남,천안시 동남구
129응급환자이송단,특수구급차,74서2327,041-552-1129,충남,천안시 동남구
(주)911구급대,특수구급차,703머1701,041-588-0911,충남,천안시 서북구
(주)911구급대,특수구급차,703머1774,041-588-0911,충남,천안시 서북구
(주)911구급대,특수구급차,703머1782,041-588-0911,충남,천안시 서북구
(주)911구급대,특수구급차,78무4649,041-588-0911,충남,천안시 서북구
(주)911구급대,특수구급차,78서4641,041-588-0911,충남,천안시 서북구
(주)하나구급센터,특수구급차,701조8167,041-622-2119,충남,천안시 서북구
(주)하나구급센터,특수구급차,711무9854,041-622-2119,충남,천안시 서북구
(주)하나구급센터,일반구급차,71소9521,041-622-2119,충남,천안시 서북구
(주)하나구급센터,특수구급차,71소9665,041-622-2119,충남,천안시 서북구
(주)하나구급센터,특수구급차,78구3681,041-622-2119,충남,천안시 서북구
(주)하나구급센터,특수구급차,78구3796,041-622-2119,충남,천안시 서북구
(주)홍성내포구급차,특수구급차,714모2616,041-977-6129,충남,홍성군
(주)홍성내포구급차,특수구급차,714모2686,041-977-6129,충남,홍성군
(주)홍성내포구급차,특수구급차,727노3001,041-977-6129,충남,홍성군
(주)홍성내포구급차,특수구급차,75마8083,041-977-6129,충남,홍성군
(주)홍성내포구급차,특수구급차,79너2214,041-977-6129,충남,홍성군
129이엠에스응급센터,특수구급차,74버9348,041-633-9110,충남,홍성군
129이엠에스응급센터,특수구급차,74버9349,041-633-9110,충남,홍성군
129이엠에스응급센터,특수구급차,74버9352,041-633-9110,충남,홍성군
129이엠에스응급센터,특수구급차,74버9361,041-633-9110,충남,홍성군
129이엠에스응급센터,특수구급차,74버9362,041-633-9110,충남,홍성군
(유)전북구급센터,특수구급차,724거8707,063-452-2911,전북,군산시
(유)전북구급센터,특수구급차,724거8720,063-452-2911,전북,군산시
(유)전북구급센터,일반구급차,74라4047,063-452-2911,전북,군산시
(유)전북구급센터,특수구급차,74라4364,063-452-2911,전북,군산시
(유)전북구급센터,특수구급차,74마9467,063-452-2911,전북,군산시
(유)전북구급센터,특수구급차,78무8015,063-452-2911,전북,군산시
서해응급이송SOS,특수구급차,71저0595,063-545-1339,전북,김제시
서해응급이송SOS,특수구급차,729구9532,063-545-1339,전북,김제시
서해응급이송SOS,특수구급차,729루7714,063-545-1339,전북,김제시
서해응급이송SOS,특수구급차,74라4147,063-545-1339,전북,김제시
서해응급이송SOS,특수구급차,74오2015,063-545-1339,전북,김제시
서해응급이송SOS,특수구급차,706오8530,063-545-1339,전북,김제시
(유)전북응급이송이엠에스,특수구급차,705주5433,063-851-1339,전북,익산시
(유)전북응급이송이엠에스,특수구급차,711오8516,063-851-1339,전북,익산시
(유)전북응급이송이엠에스,특수구급차,711오8559,063-851-1339,전북,익산시
(유)전북응급이송이엠에스,특수구급차,711오8585,063-851-1339,전북,익산시
(유)전북응급이송이엠에스,특수구급차,724조3684,063-851-1339,전북,익산시
(유)전북응급이송이엠에스,특수구급차,73버3104,063-851-1339,전북,익산시
(유)전북응급이송이엠에스,특수구급차,74도4300,063-851-1339,전북,익산시
(유)전북응급이송이엠에스,특수구급차,77오4769,063-851-1339,전북,익산시
(주)국민이엠에스,특수구급차,726모8537,063-272-3230,전북,전주시 덕진구
(주)국민이엠에스,특수구급차,730어4788,063-272-3230,전북,전주시 덕진구
(주)국민이엠에스,특수구급차,79보8087,063-272-3230,전북,전주시 덕진구
(주)국민이엠에스,특수구급차,79보8088,063-272-3230,전북,전주시 덕진구
(주)국민이엠에스,특수구급차,79보8089,063-272-3230,전북,전주시 덕진구
(주)국민이엠에스,특수구급차,79보8090,063-272-3230,전북,전주시 덕진구
(주)국민이엠에스,특수구급차,79보8091,063-272-3230,전북,전주시 덕진구
하나구급센터,특수구급차,712루8500,063-275-1339,전북,전주시 덕진구
하나구급센터,특수구급차,713우8634,063-275-1339,전북,전주시 덕진구
하나구급센터,특수구급차,714러4203,063-275-1339,전북,전주시 덕진구
하나구급센터,특수구급차,714러4205,063-275-1339,전북,전주시 덕진구
하나구급센터,특수구급차,78거2842,063-275-1339,전북,전주시 덕진구
(유)베스트응급환자이송센터,일반구급차,701머8608,063-534-0129,전북,정읍시
(유)베스트응급환자이송센터,특수구급차,714두6275,063-534-0129,전북,정읍시
(유)베스트응급환자이송센터,특수구급차,723서1085,063-534-0129,전북,정읍시
(유)베스트응급환자이송센터,특수구급차,725나7821,063-534-0129,전북,정읍시
(유)베스트응급환자이송센터,특수구급차,725나7872,063-534-0129,전북,정읍시
(유)베스트응급환자이송센터,특수구급차,74오2309,063-534-0129,전북,정읍시
(유)남도응급환자이송단,특수구급차,706오3332,061-434-0129,전남,강진군
(유)남도응급환자이송단,특수구급차,74오9219,061-434-0129,전남,강진군
(유)남도응급환자이송단,특수구급차,75로0505,061-434-0129,전남,강진군
(유)남도응급환자이송단,특수구급차,78머6670,061-434-0129,전남,강진군
(유)남도응급환자이송단,특수구급차,78머6736,061-434-0129,전남,강진군
대한구조단,특수구급차,71부0166,1899-7129,전남,목포시
대한구조단,특수구급차,72오0566,1899-7129,전남,목포시
대한구조단,특수구급차,75무7631,1899-7129,전남,목포시
대한구조단,특수구급차,712주8021,1899-7129,전남,목포시
대한구조단,특수구급차,78구3924,1899-7129,전남,목포시
한국911구급센터,특수구급차,701조8111,1644-9139,전남,목포시
한국911구급센터,특수구급차,711버7997,1644-9139,전남,목포시
한국911구급센터,특수구급차,711우7555,1644-9139,전남,목포시
한국911구급센터,특수구급차,74도4471,1644-9139,전남,목포시
한국911구급센터,특수구급차,74오2058,1644-9139,전남,목포시
한국911구급센터,특수구급차,79조6449,1644-9139,전남,목포시
전남EMS,일반구급차,721누6485,061-862-0129,전남,보성군
전남EMS,특수구급차,76버8509,061-862-0129,전남,보성군
전남EMS,특수구급차,76버8521,061-862-0129,전남,보성군
전남EMS,특수구급차,76버8536,061-862-0129,전남,보성군
전남EMS,특수구급차,76버8543,061-862-0129,전남,보성군
전남EMS,특수구급차,76버8545,061-862-0129,전남,보성군
전남EMS,특수구급차,715누5603,061-862-0129,전남,보성군
전남EMS,특수구급차,76버8561,061-862-0129,전남,보성군
전남EMS,특수구급차,76버8563,061-862-0129,전남,보성군
전남EMS,특수구급차,76버8587,061-862-0129,전남,보성군
전남EMS,특수구급차,78노8312,061-862-0129,전남,보성군
전남EMS,특수구급차,78서2573,061-862-0129,전남,보성군
(유)129이송센터,특수구급차,704주8003,061-741-0129,전남,순천시
(유)129이송센터,특수구급차,727나5504,061-741-0129,전남,순천시
(유)129이송센터,특수구급차,727나5531,061-741-0129,전남,순천시
(유)129이송센터,특수구급차,727나5553,061-741-0129,전남,순천시
(유)129이송센터,특수구급차,73버4484,061-741-0129,전남,순천시
(유)129이송센터,특수구급차,76무9450,061-741-0129,전남,순천시
(주)다온구일일구급센터,특수구급차,70라8425,061-721-1339,전남,순천시
(주)다온구일일구급센터,특수구급차,70루1083,061-721-1339,전남,순천시
(주)다온구일일구급센터,특수구급차,712누5075,061-721-1339,전남,순천시
(주)다온구일일구급센터,특수구급차,721누6408,061-721-1339,전남,순천시
(주)다온구일일구급센터,특수구급차,721누6440,061-721-1339,전남,순천시
(주)다온구일일구급센터,특수구급차,733무3109,061-721-1339,전남,순천시
(주)다온구일일구급센터,특수구급차,76보7829,061-721-1339,전남,순천시
(주)다온구일일구급센터,특수구급차,79너2236,061-721-1339,전남,순천시
중앙911,특수구급차,70루1060,1544-9585,전남,여수시
중앙911,특수구급차,720버6358,1544-9585,전남,여수시
중앙911,특수구급차,74두5918,1544-9585,전남,여수시
중앙911,특수구급차,77오4517,1544-9585,전남,여수시
제일이송단,특수구급차,708모1944,061-374-9575,전남,화순군
제일이송단,특수구급차,71구8900,061-374-9575,전남,화순군
제일이송단,특수구급차,721무4836,061-374-9575,전남,화순군
제일이송단,특수구급차,73다3444,061-374-9575,전남,화순군
제일이송단,특수구급차,75나9088,061-374-9575,전남,화순군
(주)경북이엠에스,특수구급차,709두9100,053-814-0129,경북,경산시
(주)경북이엠에스,특수구급차,709두9127,053-814-0129,경북,경산시
(주)경북이엠에스,특수구급차,709두9189,053-814-0129,경북,경산시
(주)경북이엠에스,특수구급차,730러4570,053-814-0129,경북,경산시
(주)경북이엠에스,특수구급차,730러4571,053-814-0129,경북,경산시
(주)경북이엠에스,일반구급차,733루2533,053-814-0129,경북,경산시
(주)경북이엠에스,특수구급차,709두9129,053-814-0129,경북,경산시
(주)더케어응급환자이송센터,특수구급차,73로1715,053-814-8282,경북,경산시
(주)더케어응급환자이송센터,특수구급차,734주5700,053-814-8282,경북,경산시
(주)더케어응급환자이송센터,특수구급차,734주5707,053-814-8282,경북,경산시
(주)더케어응급환자이송센터,특수구급차,725수4009,053-814-8282,경북,경산시
(주)더케어응급환자이송센터,특수구급차,74누9882,053-814-8282,경북,경산시
(주)더케어응급환자이송센터,특수구급차,734주5704,053-814-8282,경북,경산시
(주)신라응급,특수구급차,702소9662,054-744-1339,경북,경주시
(주)신라응급,특수구급차,703오6454,054-744-1339,경북,경주시
(주)신라응급,특수구급차,703오6460,054-744-1339,경북,경주시
(주)신라응급,특수구급차,70로8803,054-744-1339,경북,경주시
(주)신라응급,특수구급차,70로8805,054-744-1339,경북,경주시
(주)신라응급,특수구급차,710누3917,054-744-1339,경북,경주시
(주)신라응급,특수구급차,71로3812,054-744-1339,경북,경주시
(주)신라응급,특수구급차,729라9300,054-744-1339,경북,경주시
(주)신라응급,특수구급차,74서2429,054-744-1339,경북,경주시
(주)신라응급,특수구급차,78구3972,054-744-1339,경북,경주시
(주)경북911이엠에스응급환자이송센터,특수구급차,700너5388,054-715-3119,경북,구미시
(주)경북911이엠에스응급환자이송센터,특수구급차,71소0518,054-715-3119,경북,구미시
(주)경북911이엠에스응급환자이송센터,특수구급차,729로9286,054-715-3119,경북,구미시
(주)경북911이엠에스응급환자이송센터,특수구급차,72구4440,054-715-3119,경북,구미시
(주)경북911이엠에스응급환자이송센터,특수구급차,73버2589,054-715-3119,경북,구미시
(주)가디언911,일반구급차,70두7675,054-554-0911,경북,문경시
(주)가디언911,특수구급차,715고2400,054-554-0911,경북,문경시
(주)가디언911,특수구급차,715고2402,054-554-0911,경북,문경시
(주)가디언911,특수구급차,715고2448,054-554-0911,경북,문경시
(주)가디언911,특수구급차,714너1430,054-554-0911,경북,문경시
(주)가디언911,특수구급차,715고2499,054-554-0911,경북,문경시
(주)가디언911,일반구급차,734주5701,054-554-0911,경북,문경시
(주)가디언911,일반구급차,78머6621,054-554-0911,경북,문경시
(주)경북구급차,특수구급차,702머8722,054-842-0911,경북,안동시
(주)경북구급차,특수구급차,715고2455,054-842-0911,경북,안동시
(주)경북구급차,특수구급차,715고2401,054-842-0911,경북,안동시
(주)경북구급차,특수구급차,715고2490,054-842-0911,경북,안동시
(주)경북구급차,특수구급차,77라7999,054-842-0911,경북,안동시
(주)경북구급차,일반구급차,77주4697,054-842-0911,경북,안동시
(주)경북이송,특수구급차,705루1667,054-823-1339,경북,안동시
(주)경북이송,특수구급차,70마6633,054-823-1339,경북,안동시
(주)경북이송,특수구급차,711너3441,054-823-1339,경북,안동시
(주)경북이송,특수구급차,714보7507,054-823-1339,경북,안동시
(주)경북이송,특수구급차,724너9779,054-823-1339,경북,안동시
(주)경북이송,일반구급차,735조5982,054-823-1339,경북,안동시
(주)경북이송,특수구급차,739무4050,054-823-1339,경북,안동시
(주)경북이송,특수구급차,78구3938,054-823-1339,경북,안동시
(주)뉴골든타임,특수구급차,721어8331,054-339-1338,경북,영천시
(주)뉴골든타임,특수구급차,702소9601,054-339-1338,경북,영천시
(주)뉴골든타임,특수구급차,709두9183,054-339-1338,경북,영천시
(주)뉴골든타임,특수구급차,73거7740,054-339-1338,경북,영천시
(주)뉴골든타임,특수구급차,79버8759,054-339-1338,경북,영천시
(주)경북골든타임,일반구급차,70두7941,054-282-1190,경북,포항시 남구
(주)경북골든타임,특수구급차,715고3454,054-282-1190,경북,포항시 남구
(주)경북골든타임,특수구급차,716버4270,054-282-1190,경북,포항시 남구
(주)경북골든타임,특수구급차,719머4768,054-282-1190,경북,포항시 남구
(주)경북골든타임,특수구급차,723머5242,054-282-1190,경북,포항시 남구
(주)경북골든타임,특수구급차,729라9353,054-282-1190,경북,포항시 남구
(주)경북골든타임,특수구급차,72버9063,054-282-1190,경북,포항시 남구
(주)경북골든타임,특수구급차,735라2666,054-282-1190,경북,포항시 남구
(주)경북골든타임,특수구급차,77오4925,054-282-1190,경북,포항시 남구
(주)경북골든타임,특수구급차,78마9601,054-282-1190,경북,포항시 남구
(주)경북골든타임,일반구급차,78무4782,054-282-1190,경북,포항시 남구
(주)경북세이브타임,특수구급차,713구3705,054-283-1339,경북,포항시 남구
(주)경북세이브타임,일반구급차,71나9090,054-283-1339,경북,포항시 남구
(주)경북세이브타임,특수구급차,729라9302,054-283-1339,경북,포항시 남구
(주)경북세이브타임,특수구급차,732너1126,054-283-1339,경북,포항시 남구
(주)경북세이브타임,특수구급차,734주5711,054-283-1339,경북,포항시 남구
(주)경북세이브타임,특수구급차,73주2693,054-283-1339,경북,포항시 남구
(주)경북세이브타임,특수구급차,734주5715,054-283-1339,경북,포항시 남구
(주)구급대장이송센터,특수구급차,710누3955,054-286-0123,경북,포항시 남구
(주)구급대장이송센터,특수구급차,720더4250,054-286-0123,경북,포항시 남구
(주)구급대장이송센터,특수구급차,73버2520,054-286-0123,경북,포항시 남구
(주)구급대장이송센터,특수구급차,732너5233,054-286-0123,경북,포항시 남구
(주)구급대장이송센터,특수구급차,707부9546,054-286-0123,경북,포항시 남구
(주)구급대장이송센터,특수구급차,76보7911,054-286-0123,경북,포항시 남구
(주)구급대장이송센터,특수구급차,78도9814,054-286-0123,경북,포항시 남구
주식회사제일응급,특수구급차,70우8461,055-688-0129,경남,거제시
주식회사제일응급,특수구급차,70우8462,055-688-0129,경남,거제시
주식회사제일응급,특수구급차,70우8463,055-688-0129,경남,거제시
주식회사제일응급,특수구급차,732노5998,055-688-0129,경남,거제시
주식회사제일응급,특수구급차,73도6207,055-688-0129,경남,거제시
주식회사제일응급,특수구급차,73도6271,055-688-0129,경남,거제시
주식회사제일응급,특수구급차,77도7710,055-688-0129,경남,거제시
(주)구오구오응급구조단,특수구급차,721버7330,055-941-9595,경남,거창군
(주)구오구오응급구조단,특수구급차,721버7359,055-941-9595,경남,거창군
(주)구오구오응급구조단,특수구급차,721버7348,055-941-9595,경남,거창군
(주)구오구오응급구조단,특수구급차,721버7301,055-941-9595,경남,거창군
(주)구오구오응급구조단,특수구급차,721버7309,055-941-9595,경남,거창군
주식회사 레스큐라이프,특수구급차,70오8414,055-674-1164,경남,고성군
주식회사 레스큐라이프,특수구급차,720모1903,055-674-1164,경남,고성군
주식회사 레스큐라이프,특수구급차,75마6214,055-674-1164,경남,고성군
주식회사 레스큐라이프,특수구급차,76누4912,055-674-1164,경남,고성군
주식회사 레스큐라이프,특수구급차,77오4751,055-674-1164,경남,고성군
경남골든타임응급환자이송단,특수구급차,719누6434,055-332-1119,경남,김해시
경남골든타임응급환자이송단,특수구급차,724가4102,055-332-1119,경남,김해시
경남골든타임응급환자이송단,특수구급차,724가4116,055-332-1119,경남,김해시
경남골든타임응급환자이송단,특수구급차,72가3536,055-332-1119,경남,김해시
경남골든타임응급환자이송단,특수구급차,731거1023,055-332-1119,경남,김해시
경남골든타임응급환자이송단,특수구급차,731거1076,055-332-1119,경남,김해시
경남골든타임응급환자이송단,일반구급차,75저5793,055-332-1119,경남,김해시
주식회사이엠에스(EMS)119,특수구급차,714소6368,055-833-1119,경남,사천시
주식회사이엠에스(EMS)119,특수구급차,715라9197,055-833-1119,경남,사천시
주식회사이엠에스(EMS)119,특수구급차,714소6370,055-833-1119,경남,사천시
주식회사이엠에스(EMS)119,특수구급차,715라9180,055-833-1119,경남,사천시
주식회사이엠에스(EMS)119,특수구급차,76마9658,055-833-1119,경남,사천시
(주)한국응급이송단,특수구급차,706누2751,055-388-6119,경남,양산시
(주)한국응급이송단,특수구급차,70머9901,055-388-6119,경남,양산시
(주)한국응급이송단,특수구급차,712수8381,055-388-6119,경남,양산시
(주)한국응급이송단,특수구급차,716저9885,055-388-6119,경남,양산시
(주)한국응급이송단,특수구급차,71오3663,055-388-6119,경남,양산시
(주)한국응급이송단,특수구급차,75도0962,055-388-6119,경남,양산시
(주)한국응급이송단,특수구급차,76모5644,055-388-6119,경남,양산시
(주)경남응급이송단,특수구급차,716부5710,055-246-1339,경남,창원시 마산합포구
(주)경남응급이송단,특수구급차,716부5712,055-246-1339,경남,창원시 마산합포구
(주)경남응급이송단,특수구급차,726고2266,055-246-1339,경남,창원시 마산합포구
(주)경남응급이송단,특수구급차,72두7294,055-246-1339,경남,창원시 마산합포구
(주)경남응급이송단,특수구급차,76머2569,055-246-1339,경남,창원시 마산합포구
주식회사 중앙구일일구급대,특수구급차,709우2107,055-237-9195,경남,창원시 마산회원구
주식회사 중앙구일일구급대,특수구급차,709우2121,055-237-9195,경남,창원시 마산회원구
주식회사 중앙구일일구급대,특수구급차,709우2131,055-237-9195,경남,창원시 마산회원구
주식회사 중앙구일일구급대,특수구급차,709우2138,055-237-9195,경남,창원시 마산회원구
주식회사 중앙구일일구급대,특수구급차,709우2151,055-237-9195,경남,창원시 마산회원구
주식회사 중앙구일일구급대,특수구급차,709우2152,055-237-9195,경남,창원시 마산회원구
주식회사 중앙구일일구급대,특수구급차,71두5536,055-237-9195,경남,창원시 마산회원구
주식회사 중앙구일일구급대,특수구급차,72다6046,055-237-9195,경남,창원시 마산회원구
주식회사 중앙구일일구급대,특수구급차,72다6459,055-237-9195,경남,창원시 마산회원구
주식회사 중앙구일일구급대,특수구급차,74머4714,055-237-9195,경남,창원시 마산회원구
주식회사 중앙구일일구급대,특수구급차,709우2100,055-237-9195,경남,창원시 마산회원구
주식회사하트세이버,특수구급차,700소5884,055-744-2119,경남,창원시 마산회원구
주식회사하트세이버,특수구급차,704나8838,055-744-2119,경남,창원시 마산회원구
주식회사하트세이버,특수구급차,704나8860,055-744-2119,경남,창원시 마산회원구
주식회사하트세이버,특수구급차,704나8862,055-744-2119,경남,창원시 마산회원구
주식회사하트세이버,특수구급차,709우2113,055-744-2119,경남,창원시 마산회원구
주식회사하트세이버,특수구급차,71도5938,055-744-2119,경남,창원시 마산회원구
주식회사하트세이버,특수구급차,71소7637,055-744-2119,경남,창원시 마산회원구
주식회사하트세이버,특수구급차,71소7722,055-744-2119,경남,창원시 마산회원구
주식회사하트세이버,특수구급차,724가4148,055-744-2119,경남,창원시 마산회원구
주식회사하트세이버,특수구급차,724가4155,055-744-2119,경남,창원시 마산회원구
주식회사하트세이버,특수구급차,725저2910,055-744-2119,경남,창원시 마산회원구
주식회사하트세이버,특수구급차,72더1713,055-744-2119,경남,창원시 마산회원구
주식회사하트세이버,특수구급차,74서7179,055-744-2119,경남,창원시 마산회원구
주식회사하트세이버,특수구급차,79조6225,055-744-2119,경남,창원시 마산회원구
비원이엠에쓰(주),특수구급차,702모9064,055-333-3117,경남,창원시 성산구
비원이엠에쓰(주),특수구급차,711구8478,055-333-3117,경남,창원시 성산구
비원이엠에쓰(주),특수구급차,711구8490,055-333-3117,경남,창원시 성산구
비원이엠에쓰(주),특수구급차,73조9179,055-333-3117,경남,창원시 성산구
비원이엠에쓰(주),특수구급차,74다0432,055-333-3117,경남,창원시 성산구
비원이엠에쓰(주),특수구급차,74머4884,055-333-3117,경남,창원시 성산구
비원이엠에쓰(주),특수구급차,75무1270,055-333-3117,경남,창원시 성산구
(주)한국에스오에스구급대,특수구급차,70머9902,055-649-2339,경남,통영시
(주)한국에스오에스구급대,특수구급차,70저8765,055-649-2339,경남,통영시
(주)한국에스오에스구급대,특수구급차,73루4903,055-649-2339,경남,통영시
(주)한국에스오에스구급대,특수구급차,77누7642,055-649-2339,경남,통영시
(주)한국에스오에스구급대,특수구급차,77누7648,055-649-2339,경남,통영시
(주)제주구급,특수구급차,71주6440,064-748-1190,제주,제주시
(주)제주구급,특수구급차,72구4442,064-748-1190,제주,제주시
(주)제주구급,특수구급차,76루9171,064-748-1190,제주,제주시
(주)제주구급,특수구급차,79두6603,064-748-1190,제주,제주시
(주)제주구급,특수구급차,79조4899,064-748-1190,제주,제주시
대한응급구조단911제주구급대,특수구급차,70오6198,064-755-1339,제주,제주시
대한응급구조단911제주구급대,특수구급차,71도9990,064-755-1339,제주,제주시
대한응급구조단911제주구급대,특수구급차,71두7474,064-755-1339,제주,제주시
대한응급구조단911제주구급대,특수구급차,72머9775,064-755-1339,제주,제주시
대한응급구조단911제주구급대,일반구급차,72수3975,064-755-1339,제주,제주시
대한응급구조단911제주구급대,특수구급차,74라3775,064-755-1339,제주,제주시
주식회사전국메디컬이송센터,특수구급차,701모8727,1800-1292,서울,강동구
주식회사전국메디컬이송센터,특수구급차,701모8729,1800-1292,서울,강동구
주식회사전국메디컬이송센터,특수구급차,707가8824,1800-1292,서울,강동구
주식회사전국메디컬이송센터,특수구급차,713가3738,1800-1292,서울,강동구
주식회사전국메디컬이송센터,특수구급차,75라3619,1800-1292,서울,강동구
주식회사전국메디컬이송센터,특수구급차,76보7799,1800-1292,서울,강동구
사회복지법인대한인명구조단,특수구급차,700소3944,02-3431-9111,서울,서초구
사회복지법인대한인명구조단,일반구급차,706노8824,02-3431-9111,서울,서초구
사회복지법인대한인명구조단,일반구급차,706노8834,02-3431-9111,서울,서초구
사회복지법인대한인명구조단,특수구급차,71두3254,02-3431-9111,서울,서초구
사회복지법인대한인명구조단,일반구급차,711로3897,02-3431-9111,서울,서초구
사회복지법인대한인명구조단,특수구급차,715가8163,02-3431-9111,서울,서초구
사회복지법인대한인명구조단,일반구급차,726마7400,02-3431-9111,서울,서초구
사회복지법인대한인명구조단,일반구급차,71더1787,02-3431-9111,서울,서초구
사회복지법인대한인명구조단,특수구급차,72라6900,02-3431-9111,서울,서초구
사회복지법인대한인명구조단,특수구급차,71로8470,02-3431-9111,서울,서초구
사회복지법인대한인명구조단,특수구급차,71주6484,02-3431-9111,서울,서초구
사회복지법인대한인명구조단,특수구급차,72가3845,02-3431-9111,서울,서초구
사회복지법인대한인명구조단,일반구급차,78다1104,02-3431-9111,서울,서초구
사회복지법인대한인명구조단,일반구급차,73너9948,02-3431-9111,서울,서초구
사회복지법인대한인명구조단,특수구급차,72러4681,02-3431-9111,서울,서초구
사회복지법인대한인명구조단,특수구급차,72러9609,02-3431-9111,서울,서초구
사회복지법인대한인명구조단,일반구급차,72부0858,02-3431-9111,서울,서초구
사회복지법인대한인명구조단,일반구급차,72서6663,02-3431-9111,서울,서초구
사회복지법인대한인명구조단,일반구급차,72서9379,02-3431-9111,서울,서초구
사회복지법인대한인명구조단,일반구급차,730로9197,02-3431-9111,서울,서초구
사회복지법인대한인명구조단,특수구급차,715가8123,02-3431-9111,서울,서초구
사회복지법인대한인명구조단,특수구급차,73버2578,02-3431-9111,서울,서초구
사회복지법인대한인명구조단,일반구급차,73어8444,02-3431-9111,서울,서초구
사회복지법인대한인명구조단,특수구급차,73조9211,02-3431-9111,서울,서초구
사회복지법인대한인명구조단,일반구급차,73조9398,02-3431-9111,서울,서초구
사회복지법인대한인명구조단,일반구급차,74더0901,02-3431-9111,서울,서초구
사회복지법인대한인명구조단,일반구급차,74머9176,02-3431-9111,서울,서초구
사회복지법인대한인명구조단,일반구급차,74서2409,02-3431-9111,서울,서초구
사회복지법인대한인명구조단,일반구급차,74주9031,02-3431-9111,서울,서초구
사회복지법인대한인명구조단,일반구급차,75라3811,02-3431-9111,서울,서초구
사회복지법인대한인명구조단,특수구급차,73너9766,02-3431-9111,서울,서초구
사회복지법인대한인명구조단,일반구급차,722마4730,02-3431-9111,서울,서초구
사회복지법인대한인명구조단,특수구급차,75저7620,02-3431-9111,서울,서초구
사회복지법인대한인명구조단,일반구급차,76누2068,02-3431-9111,서울,서초구
사회복지법인대한인명구조단,일반구급차,729머8035,02-3431-9111,서울,서초구
사회복지법인대한인명구조단,특수구급차,702구4633,02-3431-9111,서울,서초구
사회복지법인대한인명구조단,특수구급차,76보7999,02-3431-9111,서울,서초구
사회복지법인대한인명구조단,일반구급차,77라7733,02-3431-9111,서울,서초구
사회복지법인대한인명구조단,일반구급차,77라7833,02-3431-9111,서울,서초구
사회복지법인대한인명구조단,일반구급차,77라7976,02-3431-9111,서울,서초구
사회복지법인대한인명구조단,특수구급차,77주4665,02-3431-9111,서울,서초구
사회복지법인대한인명구조단,일반구급차,78구3670,02-3431-9111,서울,서초구
사회복지법인대한인명구조단,특수구급차,78구3809,02-3431-9111,서울,서초구
사회복지법인대한인명구조단,특수구급차,702무2832,02-3431-9111,서울,서초구
사회복지법인대한인명구조단,특수구급차,78루4955,02-3431-9111,서울,서초구
사회복지법인대한인명구조단,특수구급차,720부9797,02-3431-9111,서울,서초구
사회복지법인대한인명구조단,일반구급차,729머8015,02-3431-9111,서울,서초구
사회복지법인대한인명구조단,일반구급차,78서1133,02-3431-9111,서울,서초구
사회복지법인대한인명구조단,일반구급차,702주9450,02-3431-9111,서울,서초구
사회복지법인대한인명구조단,특수구급차,79더9922,02-3431-9111,서울,서초구
사회복지법인대한인명구조단,특수구급차,79소3006,02-3431-9111,서울,서초구
사회복지법인대한인명구조단 울산시 남구지부,일반구급차,72오3684,052-258-0129,울산,남구
사회복지법인대한인명구조단 울산시 남구지부,일반구급차,73소7011,052-258-0129,울산,남구
사회복지법인대한인명구조단 울산시 남구지부,일반구급차,78구3833,052-258-0129,울산,남구
사회복지법인대한인명구조단 울산시 남구지부,일반구급차,78나2399,052-258-0129,울산,남구
사회복지법인대한인명구조단 울산시 남구지부,일반구급차,79더4491,052-258-0129,울산,남구
대한인명구조단(구리지부),특수구급차,71도5982,031-565-0129,경기,구리시
대한인명구조단(구리지부),특수구급차,721무4831,031-565-0129,경기,구리시
대한인명구조단(구리지부),특수구급차,721무4844,031-565-0129,경기,구리시
사회복지법인대한인명구조단(안양시지부),특수구급차,720버6334,02-3431-9111,경기,안양시 만안구
사회복지법인대한인명구조단(안양시지부),일반구급차,75로3922,02-3431-9111,경기,안양시 만안구
사회복지법인대한인명구조단(안양시지부),특수구급차,720구1905,02-3431-9111,경기,안양시 만안구
사회복지법인대한인명구조단(파주),일반구급차,700서9141,031-941-0129,경기,파주시
사회복지법인대한인명구조단(파주),특수구급차,72너0471,031-941-0129,경기,파주시
사회복지법인 대한인명구조단(강원 강릉시지부),일반구급차,70부5360,033-642-6677,강원,강릉시
사회복지법인 대한인명구조단(강원 강릉시지부),일반구급차,71소0570,033-642-6677,강원,강릉시
대한인명구조단강원동해시지부,특수구급차,71도3052,033-534-9111,강원,동해시
대한인명구조단강원동해시지부,특수구급차,71주6333,033-534-9111,강원,동해시
대한인명구조단강원동해시지부,특수구급차,708도9660,033-534-9111,강원,동해시
대한인명구조단강원동해시지부,특수구급차,702누3774,033-534-9111,강원,동해시
대한인명구조단강원동해시지부,특수구급차,78구3679,033-534-9111,강원,동해시
대한인명구조단강원동해시지부,특수구급차,78노6580,033-534-9111,강원,동해시
대한인명구조단강원동해시지부,특수구급차,706모6844,033-534-9111,강원,동해시
사회복지법인대한인명구조단강원속초시지부,특수구급차,702누3775,033-638-1339,강원,속초시
사회복지법인대한인명구조단강원속초시지부,일반구급차,78머7604,033-638-1339,강원,속초시
사회복지법인 대한인명구조단 춘천시지부,일반구급차,75누7270,033-256-0129,강원,춘천시
사회복지법인대한인명구조단제천지부,특수구급차,71마6454,043-652-0129,충북,제천시
사회복지법인대한인명구조단제천지부,일반구급차,75라5339,043-652-0129,충북,제천시
사회복지법인대한인명구조단제천지부,일반구급차,75라5418,043-652-0129,충북,제천시
사회복지법인대한인명구조단제천지부,일반구급차,75라5485,043-652-0129,충북,제천시
사회복지법인대한인명구조단제천지부,일반구급차,707마7989,043-652-0129,충북,제천시
사회복지법인대한인명구조단충북청주시지부,일반구급차,73누8535,043-233-0129,충북,청주시 청원구
사회복지법인대한인명구조단충북청주시지부,일반구급차,74무6062,043-233-0129,충북,청주시 청원구
대한인명구조단영주지부,특수구급차,71주7396,054-638-1190,경북,영주시
대한인명구조단영주지부,특수구급차,78어2825,054-638-1190,경북,영주시
